-- MySQL dump 10.13  Distrib 8.0.21, for Win64 (x86_64)
--
-- Host: localhost    Database: gamespeed
-- ------------------------------------------------------
-- Server version	8.0.21

/*!40101 SET @OLD_CHARACTER_SET_CLIENT=@@CHARACTER_SET_CLIENT */;
/*!40101 SET @OLD_CHARACTER_SET_RESULTS=@@CHARACTER_SET_RESULTS */;
/*!40101 SET @OLD_COLLATION_CONNECTION=@@COLLATION_CONNECTION */;
/*!50503 SET NAMES utf8 */;
/*!40103 SET @OLD_TIME_ZONE=@@TIME_ZONE */;
/*!40103 SET TIME_ZONE='+00:00' */;
/*!40014 SET @OLD_UNIQUE_CHECKS=@@UNIQUE_CHECKS, UNIQUE_CHECKS=0 */;
/*!40014 SET @OLD_FOREIGN_KEY_CHECKS=@@FOREIGN_KEY_CHECKS, FOREIGN_KEY_CHECKS=0 */;
/*!40101 SET @OLD_SQL_MODE=@@SQL_MODE, SQL_MODE='NO_AUTO_VALUE_ON_ZERO' */;
/*!40111 SET @OLD_SQL_NOTES=@@SQL_NOTES, SQL_NOTES=0 */;

--
-- Table structure for table `customerorders`
--

DROP TABLE IF EXISTS `customerorders`;
/*!40101 SET @saved_cs_client     = @@character_set_client */;
/*!50503 SET character_set_client = utf8mb4 */;
CREATE TABLE `customerorders` (
  `orderId` int DEFAULT NULL,
  `userName` varchar(40) DEFAULT NULL,
  `orderName` varchar(40) DEFAULT NULL,
  `orderPrice` varchar(40) DEFAULT NULL,
  `userAddress` varchar(100) DEFAULT NULL,
  `creditCardNo` varchar(40) DEFAULT NULL,
  `deliveryMode` varchar(40) DEFAULT NULL,
  `deliveryDate` date DEFAULT NULL,
  `orderDate` date DEFAULT NULL,
  `shippingCost` varchar(40) DEFAULT NULL,
  `discount` varchar(40) DEFAULT NULL,
  `storePickUpID` varchar(40) DEFAULT NULL,
  `storePickUpAddress` varchar(40) DEFAULT NULL
) ENGINE=InnoDB DEFAULT CHARSET=utf8mb4 COLLATE=utf8mb4_0900_ai_ci;
/*!40101 SET character_set_client = @saved_cs_client */;

--
-- Dumping data for table `customerorders`
--

LOCK TABLES `customerorders` WRITE;
/*!40000 ALTER TABLE `customerorders` DISABLE KEYS */;
INSERT INTO `customerorders` VALUES (1,'test','Ingalls Memorial Hospital','50.0','test,\nSouth Loop,\nChicago,\nIL,\n60617','789','PickUP','2020-12-17','2020-12-03','0.0','10.0','1','31Street,Chicago,IL60616'),(2,'test','Delta Dental','50.0','test,\nSouth Loop,\nChicago,\nIL,\n60618','1232332','HomeDelivery','2020-12-17','2020-12-03','0.0','50.0','Home Delivery','Home Delivery'),(3,'test','Delta Dental','50.0','test,\nSouth Loop,\nChicago,\nIL,\n60617','789','PickUP','2020-12-17','2020-12-03','0.0','50.0','1','31Street,Chicago,IL60616'),(4,'test','Illini Community Hospital','50.0','test,\nSouth Loop,\nChicago,\nIL,\n60617','789','PickUP','2020-12-17','2020-12-03','0.0','10.0','1','31Street,Chicago,IL60616'),(5,'test','Heartland Regional Medical Center','50.0','test,\nSouth Loop,\nChicago,\nIL,\n60617','789','PickUP','2020-12-17','2020-12-03','0.0','10.0','1','31Street,Chicago,IL60616'),(6,'test','Louis A. Weiss Memorial Hospital','50.0','test,\nSouth Loop,\nChicago,\nIL,\n60617','789','PickUP','2020-12-17','2020-12-03','0.0','10.0','1','31Street,Chicago,IL60616'),(7,'test','Dr. Aliasghar Arastu','50.0','test,\nSouth Loop,\nChicago,\nIL,\n60617','789','PickUP','2020-12-17','2020-12-03','0.0','10.0','1','31Street,Chicago,IL60616'),(8,'test','Dr. Yasmin C Gosiengfiao','50.0','test,\nSouth Loop,\nChicago,\nIL,\n60617','789','PickUP','2020-12-17','2020-12-03','0.0','10.0','1','31Street,Chicago,IL60616'),(9,'test','Advocate South Suburban Hospital','50.0','test,\nSouth Loop,\nChicago,\nIL,\n60617','789','PickUP','2020-12-17','2020-12-03','0.0','10.0','1','31Street,Chicago,IL60616'),(9,'test','Dr. Yasmin C Gosiengfiao','50.0','test,\nSouth Loop,\nChicago,\nIL,\n60617','789','PickUP','2020-12-17','2020-12-03','0.0','10.0','1','31Street,Chicago,IL60616'),(9,'test','Louis A. Weiss Memorial Hospital','50.0','test,\nSouth Loop,\nChicago,\nIL,\n60617','789','PickUP','2020-12-17','2020-12-03','0.0','10.0','1','31Street,Chicago,IL60616'),(9,'test','Delta Dental','50.0','test,\nSouth Loop,\nChicago,\nIL,\n60617','789','PickUP','2020-12-17','2020-12-03','0.0','50.0','1','31Street,Chicago,IL60616'),(9,'test','Fidelis Care','50.0','test,\nSouth Loop,\nChicago,\nIL,\n60617','789','PickUP','2020-12-17','2020-12-03','0.0','50.0','1','31Street,Chicago,IL60616'),(9,'test','Sivananda Yoga Vedanta Center','50.0','test,\nSouth Loop,\nChicago,\nIL,\n60617','789','PickUP','2020-12-17','2020-12-03','0.0','10.0','1','31Street,Chicago,IL60616'),(9,'test','Sivananda Yoga Vedanta Center','50.0','test,\nSouth Loop,\nChicago,\nIL,\n60617','789','PickUP','2020-12-17','2020-12-03','0.0','10.0','1','31Street,Chicago,IL60616'),(9,'test','Sivananda Yoga Vedanta Center','50.0','test,\nSouth Loop,\nChicago,\nIL,\n60617','789','PickUP','2020-12-17','2020-12-03','0.0','10.0','1','31Street,Chicago,IL60616'),(10,'test','Dr. Yasmin C Gosiengfiao','50.0','test,\nSouth Loop,\nChicago,\nIL,\n60617','789','PickUP','2020-12-17','2020-12-03','0.0','10.0','1','31Street,Chicago,IL60616'),(11,'test1','Osnovation Systems','40.0','test,\nSouth Loop,\nChicago,\nIL,\n60617','789','HomeDelivery','2020-12-17','2020-12-03','0.0','10.0','Home Delivery','Home Delivery'),(12,'test1','Dr. Robert Hsiung','50.0','test1,\n31 Street,\nChicago,\nIL,\n60650','12345','PickUP','2020-12-17','2020-12-03','0.0','10.0','1','31Street,Chicago,IL60616'),(13,'test1','Dr. Scott Lewis Rosen','50.0','test1,\n31 Street,\nChicago,\nIL,\n60650','12345','PickUP','2020-12-17','2020-12-03','0.0','10.0','1','31Street,Chicago,IL60616'),(14,'test1','Dr. Scott Lewis Rosen','50.0','test1,\n31 Street,\nChicago,\nIL,\n60650','12345','PickUP','2020-12-17','2020-12-03','0.0','10.0','1','31Street,Chicago,IL60616'),(14,'test1','Dr. Aliasghar Arastu','50.0','test1,\n31 Street,\nChicago,\nIL,\n60650','12345','PickUP','2020-12-17','2020-12-03','0.0','10.0','1','31Street,Chicago,IL60616'),(15,'test1','Dr. Niveda Shekar','50.0','test1,\n31 Street,\nChicago,\nIL,\n60650','12345','PickUP','2020-12-17','2020-12-03','0.0','10.0','1','31Street,Chicago,IL60616'),(16,'test1','Dr. Michael Kenneth Hawking','50.0','test1,\n31 Street,\nChicago,\nIL,\n60650','12345','PickUP','2020-12-17','2020-12-03','0.0','10.0','1','31Street,Chicago,IL60616'),(17,'test1','Dr. Yasmin C Gosiengfiao','50.0','test1,\n31 Street,\nChicago,\nIL,\n60650','12345','PickUP','2020-12-17','2020-12-03','0.0','10.0','1','31Street,Chicago,IL60616'),(18,'test1','Crossroads Community Hospital','50.0','test1,\n31 Street,\nChicago,\nIL,\n60650','12345','PickUP','2020-12-17','2020-12-03','0.0','10.0','1','31Street,Chicago,IL60616'),(19,'test1','Highland Park Hospital','50.0','test1,\n31 Street,\nChicago,\nIL,\n60650','12345','PickUP','2020-12-17','2020-12-03','0.0','10.0','1','31Street,Chicago,IL60616'),(20,'test1','Linden Oaks Hospital','50.0','test1,\n31 Street,\nChicago,\nIL,\n60650','12345','PickUP','2020-12-17','2020-12-03','0.0','10.0','1','31Street,Chicago,IL60616'),(21,'test1','Temple of Kriya Yoga','50.0','test1,\n31 Street,\nChicago,\nIL,\n60650','12345','PickUP','2020-12-17','2020-12-03','0.0','10.0','1','31Street,Chicago,IL60616'),(22,'test1','Loretto Hospital','50.0','test1,\n31 Street,\nChicago,\nIL,\n60650','12345','PickUP','2020-12-17','2020-12-03','0.0','10.0','1','31Street,Chicago,IL60616'),(23,'test3','Dr. Constants Adams','50.0','test3,\n31 Street,\nChicago,\nIL,\n60650','12345678','PickUP','2020-12-17','2020-12-03','0.0','10.0','1','31Street,Chicago,IL60616'),(24,'test3','Dr. Mark Rosenbloom','50.0','test3,\n31 Street,\nChicago,\nIL,\n60650','12345678','HomeDelivery','2020-12-17','2020-12-03','0.0','10.0','Home Delivery','Home Delivery'),(24,'test3','Dr. Michael Kenneth Hawking','50.0','test3,\n31 Street,\nChicago,\nIL,\n60650','12345678','HomeDelivery','2020-12-17','2020-12-03','0.0','10.0','Home Delivery','Home Delivery'),(24,'test3','Dr. Aparajita Das','50.0','test3,\n31 Street,\nChicago,\nIL,\n60650','12345678','HomeDelivery','2020-12-17','2020-12-03','0.0','10.0','Home Delivery','Home Delivery'),(24,'test3','Dr. Eileen M Beaty','50.0','test3,\n31 Street,\nChicago,\nIL,\n60650','12345678','HomeDelivery','2020-12-17','2020-12-03','0.0','10.0','Home Delivery','Home Delivery'),(24,'test3','Dr. Constants Adams','50.0','test3,\n31 Street,\nChicago,\nIL,\n60650','12345678','HomeDelivery','2020-12-17','2020-12-03','0.0','10.0','Home Delivery','Home Delivery'),(24,'test3','Dr. Stuart Crane Greene','50.0','test3,\n31 Street,\nChicago,\nIL,\n60650','12345678','HomeDelivery','2020-12-17','2020-12-03','0.0','10.0','Home Delivery','Home Delivery'),(24,'test3','Dr. John Paul Estrada','50.0','test3,\n31 Street,\nChicago,\nIL,\n60650','12345678','HomeDelivery','2020-12-17','2020-12-03','0.0','10.0','Home Delivery','Home Delivery'),(24,'test3','Town Sports International','50.0','test3,\n31 Street,\nChicago,\nIL,\n60650','12345678','HomeDelivery','2020-12-17','2020-12-03','0.0','50.0','Home Delivery','Home Delivery'),(24,'test3','Hammond Henry Hospital','50.0','test3,\n31 Street,\nChicago,\nIL,\n60650','12345678','HomeDelivery','2020-12-17','2020-12-03','0.0','10.0','Home Delivery','Home Delivery'),(24,'test3','Yoga Experience','50.0','test3,\n31 Street,\nChicago,\nIL,\n60650','12345678','HomeDelivery','2020-12-17','2020-12-03','0.0','10.0','Home Delivery','Home Delivery'),(24,'test3','Fidelis Care','50.0','test3,\n31 Street,\nChicago,\nIL,\n60650','12345678','HomeDelivery','2020-12-17','2020-12-03','0.0','50.0','Home Delivery','Home Delivery'),(24,'test3','Zenith Insurance Group','50.0','test3,\n31 Street,\nChicago,\nIL,\n60650','12345678','HomeDelivery','2020-12-17','2020-12-03','0.0','50.0','Home Delivery','Home Delivery'),(25,'test3','Dr. Eiman El-Tag','50.0','test3,\n31 Street,\nChicago,\nIL,\n60650','12345678','PickUP','2020-12-17','2020-12-03','0.0','10.0','1','31Street,Chicago,IL60616'),(26,'test3','Advocate South Suburban Hospital','50.0','test3,\n31 Street,\nChicago,\nIL,\n60650','12345678','PickUP','2020-12-17','2020-12-03','0.0','10.0','1','31Street,Chicago,IL60616'),(27,'test3','Sivananda Yoga Vedanta Center','50.0','test3,\n31 Street,\nChicago,\nIL,\n60650','12345678','PickUP','2020-12-17','2020-12-03','0.0','10.0','1','31Street,Chicago,IL60616'),(28,'test3','Owlet Baby Care Inc.','40.0','test3,\n31 Street,\nChicago,\nIL,\n60650','12345678','HomeDelivery','2020-12-17','2020-12-03','0.0','10.0','Home Delivery','Home Delivery'),(29,'test3','Yogaview','50.0','test3,\n31 Street,\nChicago,\nIL,\n60650','12345678','PickUP','2020-12-17','2020-12-03','0.0','10.0','1','31Street,Chicago,IL60616'),(30,'test5','Dr. Jeannine Piccinich','50.0','test5,\n31 Street,\nChicago,\nIL,\n60650','12345678','PickUP','2020-12-17','2020-12-03','0.0','10.0','1','31Street,Chicago,IL60616'),(31,'test3','Sivananda Yoga Vedanta Center','50.0','test3,\n31 Street,\nChicago,\nIL,\n60650','12345678','PickUP','2020-12-17','2020-12-03','0.0','10.0','1','31Street,Chicago,IL60616'),(32,'test','Dr. Michael Kenneth Hawking','50.0','test3,\n31 Street,\nChicago,\nIL,\n60650','12345678','PickUP','2020-12-25','2020-12-03','0.0','10.0','1','31Street,Chicago,IL60616'),(33,'test3','Equinox Fitness','50.0','test3,\n31 Street,\nChicago,\nIL,\n60650','12345678','PickUP','2020-12-17','2020-12-03','0.0','50.0','1','31Street,Chicago,IL60616'),(34,'test3','Kaiser Permanente','50.0','test3,\n31 Street,\nChicago,\nIL,\n60650','12345678','HomeDelivery','2020-12-17','2020-12-03','0.0','50.0','Home Delivery','Home Delivery'),(35,'test4','Dr. Eiman El-Tag','50.0','test3,\n31 Street,\nChicago,\nIL,\n60650','12345678','PickUP','2020-12-17','2020-12-03','0.0','10.0','1','31Street,Chicago,IL60616'),(36,'test4','Dr. Eiman El-Tag','50.0','test4,\n31 Street,\nChicago,\nIL,\n60650','12345678','PickUP','2020-12-17','2020-12-03','0.0','10.0','1','31Street,Chicago,IL60616'),(36,'test4','Dr. Eiman El-Tag','50.0','test4,\n31 Street,\nChicago,\nIL,\n60650','12345678','PickUP','2020-12-17','2020-12-03','0.0','10.0','1','31Street,Chicago,IL60616'),(36,'test4','Dr. Aliasghar Arastu','50.0','test4,\n31 Street,\nChicago,\nIL,\n60650','12345678','PickUP','2020-12-17','2020-12-03','0.0','10.0','1','31Street,Chicago,IL60616'),(37,'test4','Dr. Yasmin C Gosiengfiao','50.0','test4,\n31 Street,\nChicago,\nIL,\n60650','12345678','PickUP','2020-12-17','2020-12-03','0.0','10.0','1','31Street,Chicago,IL60616'),(38,'test4','Evanston Hospital','50.0','test4,\n31 Street,\nChicago,\nIL,\n60650','12345678','PickUP','2020-12-17','2020-12-03','0.0','10.0','1','31Street,Chicago,IL60616'),(39,'test4','Dr. Ravi Venkata Durvasula','50.0','test4,\n31 Street,\nChicago,\nIL,\n60650','12345678','PickUP','2020-12-17','2020-12-03','0.0','10.0','1','31Street,Chicago,IL60616'),(40,'test4','Illini Community Hospital','50.0','test4,\n31 Street,\nChicago,\nIL,\n60650','12345678','PickUP','2020-12-17','2020-12-03','0.0','10.0','1','31Street,Chicago,IL60616'),(41,'test5','Dr. Scott Lewis Rosen','50.0','test4,\n31 Street,\nChicago,\nIL,\n60650','12345678','PickUP','2020-12-17','2020-12-03','0.0','10.0','1','31Street,Chicago,IL60616'),(42,'test5','Dr. Imtiaz Hamid','50.0','test4,\n31 Street,\nChicago,\nIL,\n60650','12345678','PickUP','2020-12-17','2020-12-03','0.0','10.0','1','31Street,Chicago,IL60616'),(43,'test5','Highmark','50.0','test4,\n31 Street,\nChicago,\nIL,\n60650','12345678','HomeDelivery','2020-12-17','2020-12-03','0.0','50.0','Home Delivery','Home Delivery'),(44,'test5','Dr. Jeannine Piccinich','50.0','test4,\n31 Street,\nChicago,\nIL,\n60650','12345678','PickUP','2020-12-17','2020-12-03','0.0','10.0','1','31Street,Chicago,IL60616'),(44,'test5','Dr. Jamila Chiandrika Williams','50.0','test5,\n31 Street,\nChicago,\nIL,\n60650','1234567','PickUP','2020-12-17','2020-12-03','0.0','10.0','1','31Street,Chicago,IL60616'),(45,'test5','Youfit','50.0','test5,\n31 Street,\nChicago,\nIL,\n60647','1234567','PickUP','2020-12-17','2020-12-03','0.0','50.0','1','31Street,Chicago,IL60616'),(45,'test5','Lifetime Fitness','50.0','test5,\n31 Street,\nChicago,\nIL,\n60647','1234567','PickUP','2020-12-17','2020-12-03','0.0','50.0','1','31Street,Chicago,IL60616'),(46,'test5','Dr. Michael Kenneth Hawking','50.0','test5,\n31 Street,\nChicago,\nIL,\n60647','1234567','PickUP','2020-12-17','2020-12-03','0.0','10.0','1','31Street,Chicago,IL60616'),(47,'test5','Circadiance','40.0','test5,\n31 Street,\nChicago,\nIL,\n60647','1234567','PickUP','2020-12-17','2020-12-03','0.0','10.0','1','31Street,Chicago,IL60616'),(48,'test5','Kindred Hospital - Northlake','50.0','test5,\n31 Street,\nChicago,\nIL,\n60647','1234567','PickUP','2020-12-17','2020-12-03','0.0','10.0','1','31Street,Chicago,IL60616'),(49,'test5','Equinox Fitness','50.0','test5,\n31 Street,\nChicago,\nIL,\n60647','1234567','PickUP','2020-12-17','2020-12-03','0.0','50.0','1','31Street,Chicago,IL60616'),(50,'test5','Medcenter Systems Llc','40.0','test5,\n31 Street,\nChicago,\nIL,\n60647','1234567','HomeDelivery','2020-12-17','2020-12-03','0.0','10.0','Home Delivery','Home Delivery'),(51,'test5','Crown Laboratories','40.0','test5,\n31 Street,\nChicago,\nIL,\n60647','1234567','PickUP','2020-12-17','2020-12-03','0.0','10.0','1','31Street,Chicago,IL60616'),(52,'test5','Crown Laboratories','40.0','test5,\n31 Street,\nChicago,\nIL,\n60647','1234567','HomeDelivery','2020-12-17','2020-12-03','0.0','10.0','Home Delivery','Home Delivery'),(52,'test5','Brahma Kumaris Meditation Center','50.0','test5,\n31 Street,\nChicago,\nIL,\n60647','1234567','HomeDelivery','2020-12-17','2020-12-03','0.0','10.0','Home Delivery','Home Delivery'),(52,'test5','Odorno Llc','40.0','test5,\n31 Street,\nChicago,\nIL,\n60647','1234567','HomeDelivery','2020-12-17','2020-12-03','0.0','10.0','Home Delivery','Home Delivery'),(53,'test5','Highmark','50.0','test5,\n31 Street,\nChicago,\nIL,\n60647','1234567','HomeDelivery','2020-12-17','2020-12-03','0.0','50.0','Home Delivery','Home Delivery'),(54,'test5','Amd Ritmed','40.0','test5,\n31 Street,\nChicago,\nIL,\n60647','1234567','PickUP','2020-12-17','2020-12-03','0.0','10.0','1','31Street,Chicago,IL60616'),(55,'test7','Homecare Products','40.0','test5,\n31 Street,\nChicago,\nIL,\n60647','1234567','HomeDelivery','2020-12-17','2020-12-03','0.0','10.0','Home Delivery','Home Delivery'),(56,'test7','Medipak','40.0','test5,\n31 Street,\nChicago,\nIL,\n60647','1234567','HomeDelivery','2020-12-17','2020-12-03','0.0','10.0','Home Delivery','Home Delivery'),(57,'test7','Osnovation Systems','40.0','test7,\n31 Street,\nChicago,\nIL,\n60614','123456787','HomeDelivery','2020-12-17','2020-12-03','0.0','10.0','Home Delivery','Home Delivery'),(58,'test7','Caden Companies Llc','40.0','test5,\n31 Street,\nChicago,\nIL,\n60647','1234567','HomeDelivery','2020-12-17','2020-12-03','0.0','10.0','Home Delivery','Home Delivery'),(59,'test7','Sivananda Yoga Vedanta Center','50.0','test7,\n31 Street,\nChicago,\nIL,\n60647','12345','PickUP','2020-12-17','2020-12-03','0.0','10.0','1','31Street,Chicago,IL60616'),(60,'test7','Molina Healthcare','50.0','test7,\n31 Street,\nChicago,\nIL,\n60647','1234567','HomeDelivery','2020-12-17','2020-12-03','0.0','50.0','Home Delivery','Home Delivery'),(61,'test7','Delta Dental','50.0','test7,\n31 Street,\nChicago,\nIL,\n60628','1234567','HomeDelivery','2020-12-17','2020-12-03','0.0','50.0','Home Delivery','Home Delivery'),(62,'test7','Fridababy','40.0','test7,\n31 Street,\nChicago,\nIL,\n60628','1234567','HomeDelivery','2020-12-17','2020-12-03','0.0','10.0','Home Delivery','Home Delivery'),(63,'test7','Ferris','40.0','test7,\n31 Street,\nChicago,\nIL,\n60628','1234567','HomeDelivery','2020-12-17','2020-12-03','0.0','10.0','Home Delivery','Home Delivery'),(64,'test7','Sivananda Yoga Vedanta Center','50.0','test7,\n31 Street,\nChicago,\nIL,\n60628','1234567','PickUP','2020-12-17','2020-12-03','0.0','10.0','1','31Street,Chicago,IL60616'),(65,'test','Dr. Michael Kenneth Hawking','50.0','test,\n31 Street,\nChicago,\nIL,\n60628','1234567','PickUP','2020-12-18','2020-12-04','0.0','10.0','1','31Street,Chicago,IL60616'),(66,'test','Dr. Eiman El-Tag','50.0','test,\n31 Street,\nChicago,\nIL,\n60628','1234567','HomeDelivery','2020-12-18','2020-12-04','0.0','10.0','Home Delivery','Home Delivery'),(66,'test','Dr. Yasmin C Gosiengfiao','50.0','test,\n31 Street,\nChicago,\nIL,\n60628','1234567','HomeDelivery','2020-12-18','2020-12-04','0.0','10.0','Home Delivery','Home Delivery'),(66,'test','Dr. Eiman El-Tag','50.0','test,\n31 Street,\nChicago,\nIL,\n60628','1234567','HomeDelivery','2020-12-18','2020-12-04','0.0','10.0','Home Delivery','Home Delivery'),(66,'test','Garden State Life','50.0','test,\n31 Street,\nChicago,\nIL,\n60628','1234567','HomeDelivery','2020-12-18','2020-12-04','0.0','50.0','Home Delivery','Home Delivery'),(67,'test7','Dr. Scott Lewis Rosen','50.0','test7,\n31 Street,\nChicago,\nIL,\n60628','1234567','PickUP','2020-12-15','2020-12-01','0.0','10.0','1','31Street,Chicago,IL60616'),(68,'test7','Crossroads Community Hospital','50.0','test7,\n31 Street,\nChicago,\nIL,\n60628','1234567','PickUP','2020-12-15','2020-12-01','0.0','10.0','1','31Street,Chicago,IL60616'),(68,'test7','Dr. Mark Rosenbloom','50.0','test7,\n31 Street,\nChicago,\nIL,\n60628','1234567','PickUP','2020-12-15','2020-12-01','0.0','10.0','1','31Street,Chicago,IL60616'),(68,'test7','Osnovation Systems','40.0','test7,\n31 Street,\nChicago,\nIL,\n60628','1234567','PickUP','2020-12-15','2020-12-01','0.0','10.0','1','31Street,Chicago,IL60616'),(68,'test7','Medmart','40.0','test7,\n31 Street,\nChicago,\nIL,\n60628','1234567','PickUP','2020-12-15','2020-12-01','0.0','10.0','1','31Street,Chicago,IL60616'),(68,'test7','Options Ostomy Support Barrier Inc','40.0','test7,\n31 Street,\nChicago,\nIL,\n60628','1234567','PickUP','2020-12-15','2020-12-01','0.0','10.0','1','31Street,Chicago,IL60616'),(68,'test7','Yoga Experience','50.0','test7,\n31 Street,\nChicago,\nIL,\n60628','1234567','PickUP','2020-12-15','2020-12-01','0.0','10.0','1','31Street,Chicago,IL60616'),(69,'test7','Nurse Assist Inc','40.0','test7,\n31 Street,\nChicago,\nIL,\n60628','1234567','PickUP','2020-12-13','2020-11-29','0.0','10.0','1','31Street,Chicago,IL60616'),(69,'test7','Sivananda Yoga Vedanta Center','50.0','test7,\n31 Street,\nChicago,\nIL,\n60628','1234567','PickUP','2020-12-13','2020-11-29','0.0','10.0','1','31Street,Chicago,IL60616'),(69,'test7','Dr. Yasmin C Gosiengfiao','50.0','test7,\n31 Street,\nChicago,\nIL,\n60628','1234567','PickUP','2020-12-13','2020-11-29','0.0','10.0','1','31Street,Chicago,IL60616'),(69,'test7','Yogaview','50.0','test7,\n31 Street,\nChicago,\nIL,\n60628','1234567','PickUP','2020-12-13','2020-11-29','0.0','10.0','1','31Street,Chicago,IL60616'),(69,'test7','Sivananda Yoga Vedanta Center','50.0','test7,\n31 Street,\nChicago,\nIL,\n60628','1234567','PickUP','2020-12-13','2020-11-29','0.0','10.0','1','31Street,Chicago,IL60616'),(70,'test7','Dr. Danilo V Delcampo','50.0','test7,\n31 Street,\nChicago,\nIL,\n60628','1234567','PickUP','2020-12-12','2020-11-28','0.0','10.0','1','31Street,Chicago,IL60616'),(70,'test7','Osnovation Systems','40.0','test7,\n31 Street,\nChicago,\nIL,\n60628','1234567','PickUP','2020-12-12','2020-11-28','0.0','10.0','1','31Street,Chicago,IL60616'),(70,'test7','Louis A. Weiss Memorial Hospital','50.0','test7,\n31 Street,\nChicago,\nIL,\n60628','1234567','PickUP','2020-12-12','2020-11-28','0.0','10.0','1','31Street,Chicago,IL60616'),(70,'test7','Crunch Fitness','50.0','test7,\n31 Street,\nChicago,\nIL,\n60628','1234567','PickUP','2020-12-12','2020-11-28','0.0','50.0','1','31Street,Chicago,IL60616'),(71,'test7','Delta Dental','50.0','test7,\n31 Street,\nChicago,\nIL,\n60628','1234567','PickUP','2020-12-11','2020-11-27','0.0','50.0','1','31Street,Chicago,IL60616'),(71,'test7','Sivananda Yoga Vedanta Center','50.0','test7,\n31 Street,\nChicago,\nIL,\n60628','1234567','PickUP','2020-12-11','2020-11-27','0.0','10.0','1','31Street,Chicago,IL60616'),(71,'test7','Ingalls Memorial Hospital','50.0','test7,\n31 Street,\nChicago,\nIL,\n60628','1234567','PickUP','2020-12-11','2020-11-27','0.0','10.0','1','31Street,Chicago,IL60616'),(71,'test7','Advocate South Suburban Hospital','50.0','test7,\n31 Street,\nChicago,\nIL,\n60628','1234567','PickUP','2020-12-11','2020-11-27','0.0','10.0','1','31Street,Chicago,IL60616'),(72,'cust','Dr. Imtiaz Hamid','50.0','cust,\n31 Street,\nChicago,\nIL,\n60628','12345','PickUP','2020-12-18','2020-12-04','0.0','10.0','1','31Street,Chicago,IL60616'),(72,'cust','Fairfield Memorial Hospital','50.0','cust,\n31 Street,\nChicago,\nIL,\n60628','12345','PickUP','2020-12-18','2020-12-04','0.0','10.0','1','31Street,Chicago,IL60616'),(72,'cust','Eb & Flow Yoga','50.0','cust,\n31 Street,\nChicago,\nIL,\n60628','12345','PickUP','2020-12-18','2020-12-04','0.0','10.0','1','31Street,Chicago,IL60616'),(72,'cust','Osnovation Systems','40.0','cust,\n31 Street,\nChicago,\nIL,\n60628','12345','PickUP','2020-12-18','2020-12-04','0.0','10.0','1','31Street,Chicago,IL60616'),(73,'test','Temple of Kriya Yoga','50.0','test,\n31 Street,\nChicago,\nIL,\n60628','1234567','PickUP','2020-12-18','2020-12-04','0.0','10.0','1','31Street,Chicago,IL60616'),(74,'test','Dr. Mark Rosenbloom','50.0','test,\n31 Street,\nChicago,\nIL,\n60628','1234567','PickUP','2020-12-18','2020-12-04','0.0','10.0','1','31Street,Chicago,IL60616'),(74,'test','Oxford Health Plans','50.0','test,\n31 Street,\nChicago,\nIL,\n60628','1234567','PickUP','2020-12-18','2020-12-04','0.0','50.0','1','31Street,Chicago,IL60616'),(74,'test','Sivananda Yoga Vedanta Center','50.0','test,\n31 Street,\nChicago,\nIL,\n60628','1234567','PickUP','2020-12-18','2020-12-04','0.0','10.0','1','31Street,Chicago,IL60616'),(75,'test','Oxford Health Plans','50.0','test,\n31 Street,\nChicago,\nIL,\n60628','1234567','PickUP','2020-12-18','2020-12-04','0.0','50.0','1','31Street,Chicago,IL60616'),(75,'test','Sivananda Yoga Vedanta Center','50.0','test,\n31 Street,\nChicago,\nIL,\n60628','1234567','PickUP','2020-12-18','2020-12-04','0.0','10.0','1','31Street,Chicago,IL60616');
/*!40000 ALTER TABLE `customerorders` ENABLE KEYS */;
UNLOCK TABLES;

--
-- Table structure for table `products`
--

DROP TABLE IF EXISTS `products`;
/*!40101 SET @saved_cs_client     = @@character_set_client */;
/*!50503 SET character_set_client = utf8mb4 */;
CREATE TABLE `products` (
  `prodName` varchar(200) DEFAULT NULL,
  `prodPrice` varchar(40) DEFAULT NULL,
  `prodType` varchar(40) DEFAULT NULL,
  `prodCondition` varchar(200) DEFAULT NULL,
  `prodDiscount` varchar(100) DEFAULT NULL,
  `prodRetailer` varchar(100) DEFAULT NULL,
  `prodImg` varchar(100) DEFAULT NULL,
  `itemCount` int DEFAULT NULL,
  `saleInfo` varchar(40) DEFAULT NULL
) ENGINE=InnoDB DEFAULT CHARSET=utf8mb4 COLLATE=utf8mb4_0900_ai_ci;
/*!40101 SET character_set_client = @saved_cs_client */;

--
-- Dumping data for table `products`
--

LOCK TABLES `products` WRITE;
/*!40000 ALTER TABLE `products` DISABLE KEYS */;
INSERT INTO `products` VALUES ('Dr. Maziyar Mirhosseini','50','DOCTOR','2545 S King Dr,Chicago,IL,60616-2441','10','CANCER','doctor (1).jpg',10,'sale'),('Dr. Norman Patrick Johnston','50','DOCTOR','1229 N N Branch St,Chicago,IL,60622-2473','10','CANCER','doctor (2).jpg',10,'sale'),('Dr. Rogelio O Cave','50','DOCTOR','67 W 111th St,Chicago,IL,60628-4247','10','CANCER','doctor (3).jpg',10,'sale'),('Dr. Chineme Nathaniel Nwaichi','50','DOCTOR','1901 W Harrison St,Chicago,IL,60612','10','CANCER','doctor (4).jpg',10,'sale'),('Dr. Taha Jabbar','50','DOCTOR','2525 S Michigan Ave,Chicago,IL,60616-2332','10','CANCER','doctor (5).jpg',10,'sale'),('Dr. Tracy Catlin','50','DOCTOR','5841 S Maryland Ave,Chicago,IL,60637-1447','10','CANCER','doctor (6).jpg',10,'sale'),('Dr. Yi-Loong Colin Woon','50','DOCTOR','1740 W Taylor St,Chicago,IL,60612-7232','10','CANCER','doctor (7).jpg',10,'sale'),('Dr. Jennifer Howell-Welle','50','DOCTOR','1875 Dempster St,Park Ridge,IL,60068-1186','10','CANCER','doctor (8).jpg',10,'sale'),('Dr. Douglas E Cleveland','50','DOCTOR','1775 Dempster St,Park Ridge,IL,60068-1143','10','CANCER','doctor (9).jpg',10,'sale'),('Dr. Robert Hsiung','50','DOCTOR','122 S Michigan Ave,Chicago,IL,60603-6191','10','CANCER','doctor (10).jpg',10,'sale'),('Dr. Kevin Barton','50','DOCTOR','2160 S 1st Ave,Maywood,IL,60153','10','CANCER','doctor (11).jpg',10,'sale'),('Dr. Mark Rosenbloom','50','DOCTOR','60 Revere Dr,Northbrook,IL,60062-1563','10','CANCER','doctor (12).jpg',10,'sale'),('Dr. John Paul Estrada','50','DOCTOR','800 E 55th St,Chicago,IL,60615','10','CANCER','doctor (13).jpg',10,'sale'),('Dr. Priti Singh','50','DOCTOR','Christ Hosp  Dept Of Neurology,Oak Lawn,IL,60453','10','CANCER','doctor (14).jpg',10,'sale'),('Dr. Anil K Gulati','50','DOCTOR','2850 S Wabash Ave,Chicago,IL,60616-2955','10','CANCER','doctor (15).jpg',10,'sale'),('Dr. Yasmin C Gosiengfiao','50','DOCTOR','2300 N Childrens Plz Ste 30,Chicago,IL,60614-3363','10','CANCER','doctor (16).jpg',10,'sale'),('Dr. Jan Michael Dulalas Racoma','50','DOCTOR','1901 W Harrison St,Chicago,IL,60612-3714','10','CANCER','doctor (17).jpg',10,'sale'),('Dr. Randy S Rich','50','DOCTOR','880 W Central Rd,Arlington Heights,IL,60005-2355','10','CANCER','doctor (18).jpg',10,'sale'),('Dr. John A Shanley','50','DOCTOR','800 W Central Rd,Arlington Heights,IL,60005-2349','10','CANCER','doctor (19).jpg',10,'sale'),('Dr. Tariq Bin Iftikhar','50','DOCTOR','6641 W Ogden Ave,Berwyn,IL,60402-3756','10','CANCER','doctor (20).jpg',10,'sale'),('Dr. Hong-Ming Lay','50','DOCTOR','326 W 64th St,Chicago,IL,60621-3114','10','CANCER','doctor (21).jpg',10,'sale'),('Dr. Chu-Kwan Augustine Wong','50','DOCTOR','2043 W 35th St,Chicago,IL,60609-1103','10','CANCER','doctor (22).jpg',10,'sale'),('Dr. William Frymark','50','DOCTOR','5201 Willow Springs Rd,La Grange,IL,60525-6537','10','CANCER','doctor (23).jpg',10,'sale'),('Dr. Samantha Y Cerasiello','50','DOCTOR','2160 S 1st Ave,Maywood,IL,60153-3328','10','CANCER','doctor (24).jpg',10,'sale'),('Dr. Timothy Michael Marshall','50','DOCTOR','1675 Dempster St,Park Ridge,IL,60068-1110','10','CANCER','doctor (25).jpg',10,'sale'),('Dr. Stuart Crane Greene','50','DOCTOR','842 Fair Oaks Ave,Oak Park,IL,60302-1547','10','CANCER','doctor (26).jpg',10,'sale'),('Dr. Ella L Toombs','50','DOCTOR','1725 W Harrison St Ste 264,Chicago,IL,60612-3844','10','CANCER','doctor (27).jpg',10,'sale'),('Dr. Neda Laiteerapong','50','DOCTOR','5841 S Maryland Ave,Chicago,IL,60637-1447','10','CANCER','doctor (28).jpg',10,'sale'),('Dr. Alexa Anne Pragman','50','DOCTOR','5841 S Maryland Ave,Chicago,IL,60637-1447','10','CANCER','doctor (29).jpg',10,'sale'),('Dr. Aliasghar Arastu','50','DOCTOR','5841 S Maryland Ave,Chicago,IL,60637-1443','10','DENTAL','doctor (30).jpg',10,'sale'),('Dr. Annette A Scheetz','50','DOCTOR','2417 W Medill Ave,Chicago,IL,60647-3120','10','DENTAL','doctor (31).jpg',10,'sale'),('Dr. Eileen M Beaty','50','DOCTOR','2530 Ridge Ave,Evanston,IL,60201-2492','10','DENTAL','doctor (32).jpg',10,'sale'),('Dr. Oscar Pelayo Bravo','50','DOCTOR','1901 W Harrison St,Chicago,IL,60612-3714','10','DENTAL','doctor (33).jpg',10,'sale'),('Dr. Jamila Chiandrika Williams','50','DOCTOR','3450 S Archer Ave,Chicago,IL,60608-6837','10','DENTAL','doctor (34).jpg',10,'sale'),('Dr. William P Kearns','50','DOCTOR','756 Sussex Corner Ln,Prospect Heights,IL,60070-2569','10','DENTAL','doctor (35).jpg',10,'sale'),('Dr. Lloyd S Davis','50','DOCTOR','2180 Pfingsten Rd Ste 2000,Glenview,IL,60026-1339','10','DENTAL','doctor (36).jpg',10,'sale'),('Dr. Eric Schaefer','50','DOCTOR','675 N Saint Clair St Ste 18-200,Chicago,IL,60611-5929','10','DENTAL','doctor (37).jpg',10,'sale'),('Dr. Kevin Scott Pinski','50','DOCTOR','150 N Michigan Ave,Chicago,IL,60601-7553','10','DENTAL','doctor (38).jpg',10,'sale'),('Dr. Danilo V Delcampo','50','DOCTOR','5440 W Belmont Ave,Chicago,IL,60641-4126','10','DENTAL','doctor (39).jpg',10,'sale'),('Dr. Leena Danawala','50','DOCTOR','5841 S Maryland Ave,Chicago,IL,60637-1443','10','DENTAL','doctor (40).jpg',10,'sale'),('Dr. Laura Francesca Camoletto','50','DOCTOR','889 S Plum Grove Rd,Palatine,IL,60067-7220','10','DENTAL','doctor (41).jpg',10,'sale'),('Dr. Cydney Bullock','50','DOCTOR','1717 W Congress Pkwy,Chicago,IL,60612','10','DENTAL','doctor (42).jpg',10,'sale'),('Dr. Claude Zanetti','50','DOCTOR','5145 N California,Chicago,IL,60625','10','DENTAL','doctor (43).jpg',10,'sale'),('Dr. Thoetchai Peeraphatdit','50','DOCTOR','5841 S Maryland Ave Ste Mc4076,Chicago,IL,60637-1443','10','DENTAL','doctor (44).jpg',10,'sale'),('Dr. Ajay Bhasin','50','DOCTOR','251 E Huron St,Chicago,IL,60611-2908','10','DENTAL','doctor (45).jpg',10,'sale'),('Dr. Richard J Grostern','50','DOCTOR','1725 W Harrison St Ste 918,Chicago,IL,60612-3863','10','DENTAL','doctor (46).jpg',10,'sale'),('Dr. Carolyn K Shima','50','DOCTOR','5841 S Maryland Ave Mc3077,Chicago,IL,60637-1470','10','DENTAL','doctor (47).jpg',10,'sale'),('Dr. Catherine Harth','50','DOCTOR','5841 S Maryland Ave,Chicago,IL,60637','10','DENTAL','doctor (48).jpg',10,'sale'),('Dr. Micheal Cwynar','50','DOCTOR','4200 N Oak Park Ave,Chicago,IL,60634-1417','10','DENTAL','doctor (49).jpg',10,'sale'),('Dr. Elaine Coldren','50','DOCTOR','4747 N Kedzie Ave,Chicago,IL,60625','10','DENTAL','doctor (50).jpg',10,'sale'),('Dr. Kyle Mele','50','DOCTOR','251 E Huron St,Chicago,IL,60611-2908','10','DENTAL','doctor (51).jpg',10,'sale'),('Dr. Laura Ann Kauffman','50','DOCTOR','1431 N Western Ave,Chicago,IL,60622-1797','10','DENTAL','doctor (52).jpg',10,'sale'),('Dr. Lori Eve Lovitz','50','DOCTOR','2650 Ridge Ave,Evanston,IL,60201-1718','10','DENTAL','doctor (53).jpg',10,'sale'),('Dr. Ryan Khanna','50','DOCTOR','33 W Ontario St,Chicago,IL,60654-7760','10','DENTAL','doctor (54).jpg',10,'sale'),('Dr. Aparajita Das','50','DOCTOR','2160 S 1st Ave,Maywood,IL,60153-3328','10','DENTAL','doctor (55).jpg',10,'sale'),('Dr. Anupama Deshpande','50','DOCTOR','1555 Barrington Rd,Hoffman Estates,IL,60169-1019','10','DENTAL','doctor (56).jpg',10,'sale'),('Dr. Hashim Zaidi','50','DOCTOR','5841 S Maryland Ave Ste Mc5068,Chicago,IL,60637-1443','10','DENTAL','doctor (57).jpg',10,'sale'),('Dr. Phillip Alanis','50','DOCTOR','1901 W Harrison St,Chicago,IL,60612-3714','10','DENTAL','doctor (58).jpg',10,'sale'),('Dr. Tom Gladfelter','50','DOCTOR','Chicago Department Of Public Health,Chicago,IL,60604','10','DENTAL','doctor (59).jpg',10,'sale'),('Dr. Atul K Mallik','50','DOCTOR','2160 S 1st Ave,Maywood,IL,60153-3328','10','EYES','doctor (60).jpg',10,'sale'),('Dr. Michael Kenneth Hawking','50','DOCTOR','5841 S Maryland Ave,Chicago,IL,60637-1447','10','EYES','doctor (61).jpg',10,'sale'),('Dr. Janelle Buysse','50','DOCTOR','4440 W 95th St,Oak Lawn,IL,60453-2600','10','EYES','doctor (62).jpg',10,'sale'),('Dr. Courtney Heim','50','DOCTOR','1875 W Dempster St - Park Side Professional Ctr,Park Ridge,IL,60068','10','EYES','doctor (63).jpg',10,'sale'),('Dr. Constants Adams','50','DOCTOR','251 E Huron St,Chicago,IL,60611-2908','10','EYES','doctor (64).jpg',10,'sale'),('Dr. Shan Guleria','50','DOCTOR','1620 W Harrison St,Chicago,IL,60612-3801','10','EYES','doctor (65).jpg',10,'sale'),('Dr. Marc Edouard Trubin','50','DOCTOR','1620 W Harrison St,Chicago,IL,60612-3801','10','EYES','doctor (66).jpg',10,'sale'),('Dr. Patricia Elena Sumoza Davalillo','50','DOCTOR','1620 W Harrison St,Chicago,IL,60612-3801','10','EYES','doctor (67).jpg',10,'sale'),('Dr. Nicole Kathryn McAlvany','50','DOCTOR','5145 N California Ave,Chicago,IL,60625-3661','10','EYES','doctor (68).jpg',10,'sale'),('Dr. Niveda Shekar','50','DOCTOR','1901 W Harrison St,Chicago,IL,60612-3714','10','EYES','doctor (69).jpg',10,'sale'),('Dr. Marie-Ellen Tubal Sarvida','50','DOCTOR','4440 W 95th St,Oak Lawn,IL,60453','10','EYES','doctor (70).jpg',10,'sale'),('Dr. Janell Monee Mathus','50','DOCTOR','1901 W Harrison St,Chicago,IL,60612-3714','10','EYES','doctor (71).jpg',10,'sale'),('Dr. Eiman El-Tag','50','DOCTOR','11330 S Harlem Ave,Worth,IL,60482-2060','10','EYES','doctor (72).jpg',10,'sale'),('Dr. Yuri Aronov','50','DOCTOR','1775 W Dempster,Park Ridge,IL,60068','10','EYES','doctor (73).jpg',10,'sale'),('Dr. Susan Hann','50','DOCTOR','1775 W Dempster,Park Ridge,IL,60068','10','EYES','doctor (74).jpg',10,'sale'),('Dr. Josephine Misun Jung','50','DOCTOR','225 E Chicago Ave,Chicago,IL,60611-2991','10','EYES','doctor (75).jpg',10,'sale'),('Dr. Mosleh Uddin Ahmed','50','DOCTOR','7531 S Stony Island Ave,Chicago,IL,60649-3993','10','EYES','doctor (76).jpg',10,'sale'),('Dr. Ravi Venkata Durvasula','50','DOCTOR','2160 S 1st Ave,Maywood,IL,60153-3328','10','EYES','doctor (77).jpg',10,'sale'),('Dr. Shara L Kronmal','50','DOCTOR','5548 S Kenwood Ave,Chicago,IL,60637-1714','10','EYES','doctor (78).jpg',10,'sale'),('Dr. Sorin C Danciu','50','DOCTOR','3118 N Ashland Ave,Chicago,IL,60657-3014','10','EYES','doctor (79).jpg',10,'sale'),('Dr. Melissa Nater','50','DOCTOR','4440 W 95th St,Oak Lawn,IL,60453-0000','10','EYES','doctor (80).jpg',10,'sale'),('Dr. Matthew Eaton','50','DOCTOR','5145 N California Ave,Chicago,IL,60625-3661','10','EYES','doctor (81).jpg',10,'sale'),('Dr. Tomasz Piotr Lis','50','DOCTOR','2233 W Division St,Chicago,IL,60622-8151','10','EYES','doctor (82).jpg',10,'sale'),('Dr. Kevin O\'Leary','50','DOCTOR','680 N Lake Shore Dr,Chicago,IL,60611-4546','10','EYES','doctor (83).jpg',10,'sale'),('Dr. Michael Clarkston Soult II','50','DOCTOR','2160 S 1st Ave,Maywood,IL,60153','10','EYES','doctor (84).jpg',10,'sale'),('Dr. Allen Jerome Rosenbaum','50','DOCTOR','3340 Oak Park Ave,Berwyn,IL,60402-3483','10','EYES','doctor (85).jpg',10,'sale'),('Dr. Jeremy M Hoenig','50','DOCTOR','2160 S 1st Ave,Maywood,IL,60153-3328','10','EYES','doctor (86).jpg',10,'sale'),('Dr. Imtiaz Hamid','50','DOCTOR','17901 Governors Hwy,Homewood,IL,60430-1144','10','EYES','doctor (87).jpg',10,'sale'),('Dr. Michael Francis Dupont','50','DOCTOR','5201 Willow Springs Rd,La Grange,IL,60525-6537','10','EYES','doctor (88).jpg',10,'sale'),('Dr. Ronald Thant','50','DOCTOR','600 N Dearborn St Apt 1705,Chicago,IL,60610-6296','10','EYES','doctor (89).jpg',10,'sale'),('Dr. Jill Smolevitz','50','DOCTOR','1653 W Congress Pkwy,Chicago,IL,60612-3833','10','PHYSICAL','doctor (90).jpg',10,'sale'),('Dr. Rebecca Abraham','50','DOCTOR','5145 N California Ave Ofc M331,Chicago,IL,60625','10','PHYSICAL','doctor (91).jpg',10,'sale'),('Dr. Michael Anthony Hoks Jr','50','DOCTOR','7435 W Talcott Ave,Chicago,IL,60631-3707','10','PHYSICAL','doctor (92).jpg',10,'sale'),('Dr. Yaveen K Santhiraj','50','DOCTOR','251 E Huron St,Chicago,IL,60611-2908','10','PHYSICAL','doctor (93).jpg',10,'sale'),('Dr. Jeannine Piccinich','50','DOCTOR','2300 N Childrens Plz,Chicago,IL,60614-3363','10','PHYSICAL','doctor (94).jpg',10,'sale'),('Dr. Scott Lewis Rosen','50','DOCTOR','2440 Ravine Way,Glenview,IL,60025','10','PHYSICAL','doctor (95).jpg',10,'sale'),('Dr. Tae Yeon Kim','50','DOCTOR','5841 S Maryland Ave Ste Mc8016,Chicago,IL,60637-1443','10','PHYSICAL','doctor (96).jpg',10,'sale'),('Dr. Lucy H Ho','50','DOCTOR','2545 S King Dr,Chicago,IL,60616-2441','10','PHYSICAL','doctor (97).jpg',10,'sale'),('Dr. Antonio Barrios','50','DOCTOR','3 Erie Ct Ste L700,Oak Park,IL,60302-2519','10','PHYSICAL','doctor (98).jpg',10,'sale'),('Dr. Winston A Mitchell','50','DOCTOR','2320 E 93rd St,Chicago,IL,60617-3909','10','PHYSICAL','doctor (99).jpg',10,'sale'),('Dr. Clodagh Therese Ryan','50','DOCTOR','1400 W 47th St Ste 1,La Grange,IL,60525-6148','10','PHYSICAL','doctor (100).jpg',10,'sale'),('Abraham Lincoln Hospital','50','HOSPITAL','200 Stahlhut Drive,Lincoln,62656','10','COMMUNITY','hospital (1).jpg',10,'sale'),('Adventist Bolingbrook Hospital','50','HOSPITAL','500 Remington Blvd,Bolingbrook,60440','10','COMMUNITY','hospital (2).jpg',10,'sale'),('Adventist GlenOaks Hospital','50','HOSPITAL','701 Winthrop Avenue,Glendale Heights,60139','10','COMMUNITY','hospital (3).jpg',10,'sale'),('Adventist Hinsdale Hospital','50','HOSPITAL','120 North Oak Street,Hinsdale,60521','10','COMMUNITY','hospital (4).jpg',10,'sale'),('Adventist La Grange Memorial Hospital','50','HOSPITAL','5101 S. Willow Springs Road,La Grange,60525','10','COMMUNITY','hospital (5).jpg',10,'sale'),('Advocate BroMenn Medical Center','50','HOSPITAL','1304 Franklin Avenue,Normal,61761','10','COMMUNITY','hospital (6).jpg',10,'sale'),('Advocate Christ Medical Center','50','HOSPITAL','4440 West 95th Street,Oak lawn,60453','10','COMMUNITY','hospital (7).jpg',10,'sale'),('Advocate Condell Medical Center','50','HOSPITAL','801 South Milwaukee Avenue,Libertyville,60048','10','COMMUNITY','hospital (8).jpg',10,'sale'),('Advocate Eureka Hospital','50','HOSPITAL','101 South Major Street,Eureka,61530-0203','10','COMMUNITY','hospital (9).jpg',10,'sale'),('Advocate Good Samaritan Hospital','50','HOSPITAL','3815 Highland Avenue,Downers Grove,60515','10','COMMUNITY','hospital (10).jpg',10,'sale'),('Advocate Good Shepherd Hospital','50','HOSPITAL','450 West Highway #22,Barrington,60010','10','COMMUNITY','hospital (11).jpg',10,'sale'),('Advocate Illinois Masonic Medical Center','50','HOSPITAL','836 West Wellington,Chicago,60657','10','COMMUNITY','hospital (12).jpg',10,'sale'),('Advocate Lutheran General Hospital','50','HOSPITAL','1775 Dempster Street,Park Ridge,60068','10','COMMUNITY','hospital (13).jpg',10,'sale'),('Advocate Sherman Hospital','50','HOSPITAL','1425 Randall Road,Elgin,60123','10','COMMUNITY','hospital (14).jpg',10,'sale'),('Advocate South Suburban Hospital','50','HOSPITAL','17800 South Kedzie Avenue,Hazel Crest,60429','10','COMMUNITY','hospital (15).jpg',10,'sale'),('Advocate Trinity Hospital','50','HOSPITAL','2320 East 93rd Street,Chicago,60617','10','COMMUNITY','hospital (16).jpg',10,'sale'),('Alexian Brothers Behavioral Health Hospital','50','HOSPITAL','1650 Moon Lake Boulevard,Hoffman Estates,60169','10','COMMUNITY','hospital (17).jpg',10,'sale'),('Alexian Brothers Medical Center','50','HOSPITAL','800 Biesterfield Road,Elk Grove Village,60007','10','COMMUNITY','hospital (18).jpg',10,'sale'),('Alton Memorial Hospital','50','HOSPITAL','One Memorial Drive,Alton,62002','10','COMMUNITY','hospital (19).jpg',10,'sale'),('Anderson Hospital','50','HOSPITAL','6800 State Route 162,Maryville,62062','10','COMMUNITY','hospital (20).jpg',10,'sale'),('Ann & Robert H. Lurie Children\'s Hospital of Chica','50','HOSPITAL','225 E. Chicago Avenue,Chicago,60611','10','COMMUNITY','hospital (21).jpg',10,'sale'),('Aurora Chicago Lakeshore Hospital','50','HOSPITAL','4840 North Marine Drive,Chicago,60640','10','COMMUNITY','hospital (22).jpg',10,'sale'),('Blessing Hospital at 11th Street','50','HOSPITAL','Broadway @ 11th Street,Quincy,62305-7005','10','COMMUNITY','hospital (23).jpg',10,'sale'),('Carle Foundation Hospital','50','HOSPITAL','611 West Park Street,Urbana,61801','10','COMMUNITY','hospital (24).jpg',10,'sale'),('Carlinville Area Hospital Association','50','HOSPITAL','20733 N Broad,Carlinville,62626','10','COMMUNITY','hospital (25).jpg',10,'sale'),('Centegra Hospital - Huntley','50','HOSPITAL','10400 Haligus Road,Huntley,60142','10','COMMUNITY','hospital (26).jpg',10,'sale'),('Centegra Hospital - McHenry','50','HOSPITAL','4201 Medical Center Drive,McHenry,60050','10','COMMUNITY','hospital (27).jpg',10,'sale'),('Centegra Hospital - Woodstock','50','HOSPITAL','3701 Doty Road,Woodstock,60098','10','COMMUNITY','hospital (28).jpg',10,'sale'),('Central DuPage Hospital','50','HOSPITAL','25 North Winfield Road,Winfield,60190','10','COMMUNITY','hospital (29).jpg',10,'sale'),('CGH Medical Center','50','HOSPITAL','100 East Lefevre Road,Sterling,61081-1279','10','COMMUNITY','hospital (30).jpg',10,'sale'),('Chicago Behavioral Hospital','50','HOSPITAL','555 Wilson Lane,Des Plaines,60016','10','COMMUNITY','hospital (31).jpg',10,'sale'),('Clay County Hospital','50','HOSPITAL','911 Stacy Burk Drive,Flora,62839','10','COMMUNITY','hospital (32).jpg',10,'sale'),('Community First Medical Center','50','HOSPITAL','5645 West Addison Street,Chicago,60634','10','FEDERAL','hospital (33).jpg',10,'sale'),('Community Memorial Hospital','50','HOSPITAL','400 Caldwell Street,Staunton,62088-1499','10','FEDERAL','hospital (34).jpg',10,'sale'),('Crawford Memorial Hospital','50','HOSPITAL','1000 North Allen Street,Robinson,62454','10','FEDERAL','hospital (35).jpg',10,'sale'),('Crossroads Community Hospital','50','HOSPITAL','8 Doctors Park Road,Mount Vernon,62864','10','FEDERAL','hospital (36).jpg',10,'sale'),('Decatur Memorial Hospital','50','HOSPITAL','2300 North Edward Street,Decatur,62526','10','FEDERAL','hospital (37).jpg',10,'sale'),('Delnor Community Hospital','50','HOSPITAL','300 Randall Road,Geneva,60134','10','FEDERAL','hospital (38).jpg',10,'sale'),('Edward Hospital','50','HOSPITAL','801 South Washington,Naperville,60540','10','FEDERAL','hospital (39).jpg',10,'sale'),('Elmhurst Memorial Hospital','50','HOSPITAL','155 East Brush Hill Road,Elmhurst,60126','10','FEDERAL','hospital (40).jpg',10,'sale'),('Evanston Hospital','50','HOSPITAL','2650 Ridge Avenue,Evanston,60201','10','FEDERAL','hospital (41).jpg',10,'sale'),('Fairfield Memorial Hospital','50','HOSPITAL','N.W. 11th Street,Fairfield,62837','10','FEDERAL','hospital (42).jpg',10,'sale'),('Fayette County Hospital','50','HOSPITAL','650 West Taylor Street,Vandalia,62471','10','FEDERAL','hospital (43).jpg',10,'sale'),('Ferrell Hospital','50','HOSPITAL','1201 Pine Street,Eldorado,62930','10','FEDERAL','hospital (44).jpg',10,'sale'),('FHN Memorial Hospital','50','HOSPITAL','1045 West Stephenson,Freeport,61032-4899','10','FEDERAL','hospital (45).jpg',10,'sale'),('Franciscan St. James Health - Chicago Heights','50','HOSPITAL','1423 Chicago Road,Chicago Heights,60411-3483','10','FEDERAL','hospital (46).jpg',10,'sale'),('Franciscan St. James Health - Olympia Fields','50','HOSPITAL','20201 South Crawford,Olympia Fields,60461-1010','10','FEDERAL','hospital (47).jpg',10,'sale'),('Franklin Hospital','50','HOSPITAL','201 Bailey Lane,Benton,62812','10','FEDERAL','hospital (48).jpg',10,'sale'),('Galesburg Cottage Hospital','50','HOSPITAL','695 North Kellogg Street,Galesburg,61402','10','FEDERAL','hospital (49).jpg',10,'sale'),('Garfield Park Hospital','50','HOSPITAL','520 North Ridgeway Avenue,Chicago,60624','10','FEDERAL','hospital (50).jpg',10,'sale'),('Gateway Regional Medical Center','50','HOSPITAL','2100 Madison Avenue,Granite City,62040','10','FEDERAL','hospital (51).jpg',10,'sale'),('Genesis Medical Center - Silvis','50','HOSPITAL','801 Illini Road,Silvis,61282','10','FEDERAL','hospital (52).jpg',10,'sale'),('Genesis Medical Center Aledo','50','HOSPITAL','409 N.W 9th Avenue,Aledo,61231','10','FEDERAL','hospital (53).jpg',10,'sale'),('Gibson Community Hospital','50','HOSPITAL','1120 North Melvin Street,Gibson City,60936','10','FEDERAL','hospital (54).jpg',10,'sale'),('Glenbrook Hospital','50','HOSPITAL','2100 Pfingsten Road,Glenview,60026','10','FEDERAL','hospital (55).jpg',10,'sale'),('Good Samaritan Regional  Health Center','50','HOSPITAL','1 Good Samaritan Way,Mount Vernon,62864','10','FEDERAL','hospital (56).jpg',10,'sale'),('Gottlieb Memorial Hospital','50','HOSPITAL','701 West North  Avenue,Melrose Park,60160','10','FEDERAL','hospital (57).jpg',10,'sale'),('Graham Hospital','50','HOSPITAL','210 West Walnut,Canton,61520','10','FEDERAL','hospital (58).jpg',10,'sale'),('Hamilton Memorial Hospital','50','HOSPITAL','611 South  Marshall, P. O. Box 429,McLeansboro,62859','10','FEDERAL','hospital (59).jpg',10,'sale'),('Hammond Henry Hospital','50','HOSPITAL','600 N. College Avenue,Geneseo,61254-1099','10','FEDERAL','hospital (60).jpg',10,'sale'),('Hardin County General Hospital','50','HOSPITAL','Ferrell Road,Rosiclare,62982','10','FEDERAL','hospital (61).jpg',10,'sale'),('Harrisburg Medical Center','50','HOSPITAL','100 Dr. Warren Tuttle Drive,Harrisburg,62946','10','FEDERAL','hospital (62).jpg',10,'sale'),('Heartland Regional Medical Center','50','HOSPITAL','3333 West Deyoung,Marion,62959','10','FEDERAL','hospital (63).jpg',10,'sale'),('Herrin Hospital','50','HOSPITAL','201 South 14th Street,Herrin,62948','10','FEDERAL','hospital (64).jpg',10,'sale'),('Highland Park Hospital','50','HOSPITAL','777 Park Avenue West,Highland Park,60035','10','FEDERAL','hospital (65).jpg',10,'sale'),('Hillsboro Area Hospital','50','HOSPITAL','1200 East Tremont Street,Hillsboro,62049','10','FEDERAL','hospital (66).jpg',10,'sale'),('Holy Cross Hospital','50','HOSPITAL','2701 West 68th Street,Chicago,60629','10','FEDERAL','hospital (67).jpg',10,'sale'),('Hoopeston Community Memorial Hospital','50','HOSPITAL','701 East Orange Street,Hoopeston,60942','10','FEDERAL','hospital (68).jpg',10,'sale'),('Hopedale Hospital','50','HOSPITAL','107 Tremont Street,Hopedale,61747','10','FEDERAL','hospital (69).jpg',10,'sale'),('HSHS Good Shepherd Hospital, Inc.','50','HOSPITAL','200 South Cedar Street,Shelbyville,62565','10','FEDERAL','hospital (70).jpg',10,'sale'),('HSHS Holy Family Hospital','50','HOSPITAL','200 Healthcare Drive,Greenville,62246','10','FEDERAL','hospital (71).jpg',10,'sale'),('HSHS St. Mary\'s Hospital','50','HOSPITAL','1800 East Lake Shore,Decatur,62521','10','FEDERAL','hospital (72).jpg',10,'sale'),('Illini Community Hospital','50','HOSPITAL','640 West Washington,Pittsfield,62363','10','FEDERAL','hospital (73).jpg',10,'sale'),('Illinois Valley Community Hospital','50','HOSPITAL','925 West Street,Peru,61354','10','FEDERAL','hospital (74).jpg',10,'sale'),('Ingalls Memorial Hospital','50','HOSPITAL','One Ingalls Drive,Harvey,60426','10','FEDERAL','hospital (75).jpg',10,'sale'),('Iroquois Memorial Hospital','50','HOSPITAL','200 Fairman Street,Watseka,60970','10','PSYCHIATRIC','hospital (76).jpg',10,'sale'),('Jackson Park Hospital','50','HOSPITAL','7531 Stony Island Avenue,Chicago,60649','10','PSYCHIATRIC','hospital (77).jpg',10,'sale'),('Jersey Community Hospital','50','HOSPITAL','400 Maple Summit Road,Jerseyville,62052-0426','10','PSYCHIATRIC','hospital (78).jpg',10,'sale'),('John H. Stroger Hospital of Cook County','50','HOSPITAL','1901 West Harrison Street - Suite 5650,Chicago,60612-3785','10','PSYCHIATRIC','hospital (79).jpg',10,'sale'),('Katherine Shaw Bethea Hospital','50','HOSPITAL','403 East First Street,Dixon,61021','10','PSYCHIATRIC','hospital (80).jpg',10,'sale'),('Kindred Chicago Central Hospital','50','HOSPITAL','4058 West Melrose Street,Chicago,60641','10','PSYCHIATRIC','hospital (81).jpg',10,'sale'),('Kindred Hospital - Chicago','50','HOSPITAL','2544 West Montrose Avenue,Chicago,60618','10','PSYCHIATRIC','hospital (82).jpg',10,'sale'),('Kindred Hospital - Northlake','50','HOSPITAL','365 East North Avenue,Northlake,60164','10','PSYCHIATRIC','hospital (83).jpg',10,'sale'),('Kindred Hospital - Sycamore','50','HOSPITAL','225 Edward Street,Sycamore,60178','10','PSYCHIATRIC','hospital (84).jpg',10,'sale'),('Kindred Hospital Peoria','50','HOSPITAL','500 W. Romeo B. Garrett Avenue,Peoria,61605','10','PSYCHIATRIC','hospital (85).jpg',10,'sale'),('Kirby Medical Center','50','HOSPITAL','1000 Medical Center Drive,Monticello,61856','10','PSYCHIATRIC','hospital (86).jpg',10,'sale'),('LaRabida Children\'s Hospital','50','HOSPITAL','6501 S. Promontory Drive,Chicago,60649','10','PSYCHIATRIC','hospital (87).jpg',10,'sale'),('Lawrence County Memorial Hospital','50','HOSPITAL','2200 State Street,Lawrenceville,62439','10','PSYCHIATRIC','hospital (88).jpg',10,'sale'),('Lincoln Prairie Behavioral Health Center','50','HOSPITAL','5230 South Sixth Street,Springfield,62703','10','PSYCHIATRIC','hospital (89).jpg',10,'sale'),('Linden Oaks Hospital','50','HOSPITAL','801 South Washington Street,Naperville,60540-6400','10','PSYCHIATRIC','hospital (90).jpg',10,'sale'),('Little Company of Mary Hospital','50','HOSPITAL','2800 West 95th Street,Evergreen Park,60805','10','PSYCHIATRIC','hospital (91).jpg',10,'sale'),('Loretto Hospital','50','HOSPITAL','645 South Central Avenue,Chicago,60644','10','PSYCHIATRIC','hospital (92).jpg',10,'sale'),('Louis A. Weiss Memorial Hospital','50','HOSPITAL','4646 North Marine Drive,Chicago,60640','10','PSYCHIATRIC','hospital (93).jpg',10,'sale'),('Loyola University Medical Center','50','HOSPITAL','2160 South 1st Avenue,Maywood,60153','10','PSYCHIATRIC','hospital (94).jpg',10,'sale'),('MacNeal Hospital','50','HOSPITAL','3249 South Oak Park Avenue,Berwyn,60402','10','PSYCHIATRIC','hospital (95).jpg',10,'sale'),('Aflac','50','INSURANCE','1901 W Harrison St,Chicago,IL,60612','50','LIFE','insurance (1).jpg',10,'sale'),('Allianz Life','50','INSURANCE','2525 S Michigan Ave,Chicago,IL,60616-2332','50','LIFE','insurance (2).jpg',10,'sale'),('Allstate','50','INSURANCE','5841 S Maryland Ave,Chicago,IL,60637-1447','50','LIFE','insurance (3).jpg',10,'sale'),('American Family Insurance','50','INSURANCE','1740 W Taylor St,Chicago,IL,60612-7232','50','LIFE','insurance (4).jpg',10,'sale'),('American Fidelity Assurance','50','INSURANCE','1875 Dempster St,Park Ridge,IL,60068-1186','50','LIFE','insurance (5).jpg',10,'sale'),('American Income Life Insurance Company','50','INSURANCE','1775 Dempster St,Park Ridge,IL,60068-1143','50','LIFE','insurance (6).jpg',10,'sale'),('Ameritas Life Insurance Company','50','INSURANCE','122 S Michigan Ave,Chicago,IL,60603-6191','50','LIFE','insurance (7).jpg',10,'sale'),('Amica Mutual Insurance','50','INSURANCE','2160 S 1st Ave,Maywood,IL,60153','50','LIFE','insurance (8).jpg',10,'sale'),('Assurity Life Insurance Company','50','INSURANCE','60 Revere Dr,Northbrook,IL,60062-1563','50','LIFE','insurance (9).jpg',10,'sale'),('AXA Equitable Life Insurance Company','50','INSURANCE','800 E 55th St,Chicago,IL,60615','50','LIFE','insurance (10).jpg',10,'sale'),('Bankers Life and Casualty','50','INSURANCE','Christ Hosp  Dept Of Neurology,Oak Lawn,IL,60453','50','LIFE','insurance (11).jpg',10,'sale'),('Banner Life Insurance Company','50','INSURANCE','2850 S Wabash Ave,Chicago,IL,60616-2955','50','LIFE','insurance (12).jpg',10,'sale'),('Colonial Life & Accident Insurance Company','50','INSURANCE','2300 N Childrens Plz Ste 30,Chicago,IL,60614-3363','50','LIFE','insurance (13).jpg',10,'sale'),('Colonial Penn','50','INSURANCE','1901 W Harrison St,Chicago,IL,60612-3714','50','LIFE','insurance (14).jpg',10,'sale'),('Conseco','50','INSURANCE','880 W Central Rd,Arlington Heights,IL,60005-2355','50','LIFE','insurance (15).jpg',10,'sale'),('Farmers Insurance Group','50','INSURANCE','800 W Central Rd,Arlington Heights,IL,60005-2349','50','LIFE','insurance (16).jpg',10,'sale'),('Federal Life Insurance Company','50','INSURANCE','6641 W Ogden Ave,Berwyn,IL,60402-3756','50','LIFE','insurance (17).jpg',10,'sale'),('Garden State Life','50','INSURANCE','326 W 64th St,Chicago,IL,60621-3114','50','LIFE','insurance (18).jpg',10,'sale'),('Genworth Financial','50','INSURANCE','2043 W 35th St,Chicago,IL,60609-1103','50','LIFE','insurance (19).jpg',10,'sale'),('The Great-West Life Assurance Company[39]','50','INSURANCE','5201 Willow Springs Rd,La Grange,IL,60525-6537','50','LIFE','insurance (20).jpg',10,'sale'),('Gerber Life Insurance Company','50','INSURANCE','2160 S 1st Ave,Maywood,IL,60153-3328','50','LIFE','insurance (21).jpg',10,'sale'),('Globe Life And Accident Insurance Company','50','INSURANCE','1675 Dempster St,Park Ridge,IL,60068-1110','50','LIFE','insurance (22).jpg',10,'sale'),('The Guardian Life Insurance Company of America','50','INSURANCE','842 Fair Oaks Ave,Oak Park,IL,60302-1547','50','LIFE','insurance (23).jpg',10,'sale'),('Horace Mann Educators Corporation','50','INSURANCE','1725 W Harrison St Ste 264,Chicago,IL,60612-3844','50','LIFE','insurance (24).jpg',10,'sale'),('ING Group','50','INSURANCE','5841 S Maryland Ave,Chicago,IL,60637-1447','50','LIFE','insurance (25).jpg',10,'sale'),('Jackson National Life','50','INSURANCE','5841 S Maryland Ave,Chicago,IL,60637-1447','50','LIFE','insurance (26).jpg',10,'sale'),('John Hancock Life Insurance','50','INSURANCE','5841 S Maryland Ave,Chicago,IL,60637-1443','50','LIFE','insurance (27).jpg',10,'sale'),('Kansas City Life Insurance Company','50','INSURANCE','2417 W Medill Ave,Chicago,IL,60647-3120','50','LIFE','insurance (28).jpg',10,'sale'),('Lincoln National Corporation','50','INSURANCE','2530 Ridge Ave,Evanston,IL,60201-2492','50','LIFE','insurance (29).jpg',10,'sale'),('Manhattan Life Insurance Company','50','INSURANCE','1901 W Harrison St,Chicago,IL,60612-3714','50','LIFE','insurance (30).jpg',10,'sale'),('MEGA Life and Health Insurance','50','INSURANCE','3450 S Archer Ave,Chicago,IL,60608-6837','50','LIFE','insurance (31).jpg',10,'sale'),('MetLife','50','INSURANCE','756 Sussex Corner Ln,Prospect Heights,IL,60070-2569','50','LIFE','insurance (32).jpg',10,'sale'),('Mutual of Omaha','50','INSURANCE','2180 Pfingsten Rd Ste 2000,Glenview,IL,60026-1339','50','LIFE','insurance (33).jpg',10,'sale'),('National Life Group','50','INSURANCE','675 N Saint Clair St Ste 18-200,Chicago,IL,60611-5929','50','LIFE','insurance (34).jpg',10,'sale'),('National Western Life Insurance Company','50','INSURANCE','150 N Michigan Ave,Chicago,IL,60601-7553','50','LIFE','insurance (35).jpg',10,'sale'),('Nationwide Mutual Insurance Company','50','INSURANCE','5440 W Belmont Ave,Chicago,IL,60641-4126','50','LIFE','insurance (36).jpg',10,'sale'),('New York Life Insurance Company','50','INSURANCE',' 2010 W. Pierce,Chicago','50','LIFE','insurance (37).jpg',10,'sale'),('Ohio National Financial Services Company','50','INSURANCE',' 2021 W. Division St,Chicago','50','LIFE','insurance (38).jpg',10,'sale'),('Pacific Life','50','INSURANCE',' 3121 N. Lincoln,Chicago','50','LIFE','insurance (39).jpg',10,'sale'),('Primerica','50','INSURANCE',' 1207 W. Bryn Mawr Ave.,Chicago','50','LIFE','insurance (40).jpg',10,'sale'),('Protective Life','50','INSURANCE',' 2414 N. Kedzie,Chicago','50','LIFE','insurance (41).jpg',10,'sale'),('Prudential Financial','50','INSURANCE',' 6330 N. Cicero,Chicago','50','LIFE','insurance (42).jpg',10,'sale'),('Securian Financial Group','50','INSURANCE',' 4007 N. Broadway,Chicago','50','LIFE','insurance (43).jpg',10,'sale'),('Standard Insurance Company','50','INSURANCE',' 4619 N. Ravenswood,Chicago','50','LIFE','insurance (44).jpg',10,'sale'),('State Farm Insurance','50','INSURANCE',' 2211 N. Elston,Chicago','50','LIFE','insurance (45).jpg',10,'sale'),('Thrivent Financial for Lutherans','50','INSURANCE',' 737 W. Belmont,Chicago','50','LIFE','insurance (46).jpg',10,'sale'),('TIAA-CREF','50','INSURANCE',' 222 W. Kinzie,Chicago','50','LIFE','insurance (47).jpg',10,'sale'),('Transamerica Corporation','50','INSURANCE',' 1834 W. North Ave.,Chicago','50','LIFE','insurance (48).jpg',10,'sale'),('UNIFI Companies','50','INSURANCE',' 53 W. Jackson Blvd.,Chicago','50','LIFE','insurance (49).jpg',10,'sale'),('United of Omaha','50','INSURANCE',' 2010 W. Pierce,Chicago','50','LIFE','insurance (50).jpg',10,'sale'),('Veterans Life Insurance','50','INSURANCE',' 2021 W. Division St,Chicago','50','LIFE','insurance (51).jpg',10,'sale'),('Western & Southern Financial Group','50','INSURANCE',' 3121 N. Lincoln,Chicago','50','LIFE','insurance (52).jpg',10,'sale'),('AARP','50','INSURANCE','2545 S King Dr,Chicago,IL,60616-2441','50','HEALTH','insurance (53).jpg',10,'sale'),('Aetna','50','INSURANCE','1229 N N Branch St,Chicago,IL,60622-2473','50','HEALTH','insurance (54).jpg',10,'sale'),('American Family Insurance','50','INSURANCE','67 W 111th St,Chicago,IL,60628-4247','50','HEALTH','insurance (55).jpg',10,'sale'),('American National Insurance Company','50','INSURANCE','1901 W Harrison St,Chicago,IL,60612','50','HEALTH','insurance (56).jpg',10,'sale'),('Amerigroup','50','INSURANCE','2525 S Michigan Ave,Chicago,IL,60616-2332','50','HEALTH','insurance (57).jpg',10,'sale'),('Anthem','50','INSURANCE','5841 S Maryland Ave,Chicago,IL,60637-1447','50','HEALTH','insurance (58).jpg',10,'sale'),('Blue Cross and Blue Shield Association','50','INSURANCE','1740 W Taylor St,Chicago,IL,60612-7232','50','HEALTH','insurance (59).jpg',10,'sale'),('CareSource','50','INSURANCE','1875 Dempster St,Park Ridge,IL,60068-1186','50','HEALTH','insurance (60).jpg',10,'sale'),('Cambia Health Solutions','50','INSURANCE','1775 Dempster St,Park Ridge,IL,60068-1143','50','HEALTH','insurance (61).jpg',10,'sale'),('Centene Corporation','50','INSURANCE','122 S Michigan Ave,Chicago,IL,60603-6191','50','HEALTH','insurance (62).jpg',10,'sale'),('Cigna','50','INSURANCE','2160 S 1st Ave,Maywood,IL,60153','50','HEALTH','insurance (63).jpg',10,'sale'),('Coventry Health Care','50','INSURANCE','60 Revere Dr,Northbrook,IL,60062-1563','50','HEALTH','insurance (64).jpg',10,'sale'),('Delta Dental','50','INSURANCE','800 E 55th St,Chicago,IL,60615','50','HEALTH','insurance (65).jpg',10,'sale'),('EmblemHealth','50','INSURANCE','Christ Hosp  Dept Of Neurology,Oak Lawn,IL,60453','50','HEALTH','insurance (66).jpg',10,'sale'),('Fortis','50','INSURANCE','2850 S Wabash Ave,Chicago,IL,60616-2955','50','HEALTH','insurance (67).jpg',10,'sale'),('Geisinger','50','INSURANCE','2300 N Childrens Plz Ste 30,Chicago,IL,60614-3363','50','HEALTH','insurance (68).jpg',10,'sale'),('Golden Rule Insurance Company','50','INSURANCE','1901 W Harrison St,Chicago,IL,60612-3714','50','HEALTH','insurance (69).jpg',10,'sale'),('Group Health Cooperative','50','INSURANCE','880 W Central Rd,Arlington Heights,IL,60005-2355','50','HEALTH','insurance (70).jpg',10,'sale'),('Group Health Incorporated','50','INSURANCE','800 W Central Rd,Arlington Heights,IL,60005-2349','50','HEALTH','insurance (71).jpg',10,'sale'),('Harvard Pilgrim Health Care','50','INSURANCE','6641 W Ogden Ave,Berwyn,IL,60402-3756','50','HEALTH','insurance (72).jpg',10,'sale'),('Health Net','50','INSURANCE','326 W 64th St,Chicago,IL,60621-3114','50','HEALTH','insurance (73).jpg',10,'sale'),('HealthMarkets','50','INSURANCE','2043 W 35th St,Chicago,IL,60609-1103','50','HEALTH','insurance (74).jpg',10,'sale'),('HealthPartners','50','INSURANCE','5201 Willow Springs Rd,La Grange,IL,60525-6537','50','HEALTH','insurance (75).jpg',10,'sale'),('HealthSpring','50','INSURANCE','2160 S 1st Ave,Maywood,IL,60153-3328','50','HEALTH','insurance (76).jpg',10,'sale'),('Highmark','50','INSURANCE','1675 Dempster St,Park Ridge,IL,60068-1110','50','HEALTH','insurance (77).jpg',10,'sale'),('Horace Mann Educators Corporation','50','INSURANCE','842 Fair Oaks Ave,Oak Park,IL,60302-1547','50','HEALTH','insurance (78).jpg',10,'sale'),('Humana','50','INSURANCE','1725 W Harrison St Ste 264,Chicago,IL,60612-3844','50','HEALTH','insurance (79).jpg',10,'sale'),('Independence Blue Cross','50','INSURANCE','5841 S Maryland Ave,Chicago,IL,60637-1447','50','HEALTH','insurance (80).jpg',10,'sale'),('Kaiser Permanente','50','INSURANCE','5841 S Maryland Ave,Chicago,IL,60637-1447','50','HEALTH','insurance (81).jpg',10,'sale'),('Kaleida Health','50','INSURANCE','5841 S Maryland Ave,Chicago,IL,60637-1443','50','HEALTH','insurance (82).jpg',10,'sale'),('Liberty Medical','50','INSURANCE','2417 W Medill Ave,Chicago,IL,60647-3120','50','HEALTH','insurance (83).jpg',10,'sale'),('LifeWise Health Plan of Oregon','50','INSURANCE','2530 Ridge Ave,Evanston,IL,60201-2492','50','HEALTH','insurance (84).jpg',10,'sale'),('MassHealth','50','INSURANCE','1901 W Harrison St,Chicago,IL,60612-3714','50','HEALTH','insurance (85).jpg',10,'sale'),('Medica','50','INSURANCE','3450 S Archer Ave,Chicago,IL,60608-6837','50','HEALTH','insurance (86).jpg',10,'sale'),('Medical Mutual of Ohio','50','INSURANCE','756 Sussex Corner Ln,Prospect Heights,IL,60070-2569','50','HEALTH','insurance (87).jpg',10,'sale'),('MEGA Life and Health Insurance','50','INSURANCE','2180 Pfingsten Rd Ste 2000,Glenview,IL,60026-1339','50','HEALTH','insurance (88).jpg',10,'sale'),('Molina Healthcare','50','INSURANCE','675 N Saint Clair St Ste 18-200,Chicago,IL,60611-5929','50','HEALTH','insurance (89).jpg',10,'sale'),('Oscar Health','50','INSURANCE','150 N Michigan Ave,Chicago,IL,60601-7553','50','HEALTH','insurance (90).jpg',10,'sale'),('Oxford Health Plans','50','INSURANCE','5440 W Belmont Ave,Chicago,IL,60641-4126','50','HEALTH','insurance (91).jpg',10,'sale'),('Premera Blue Cross','50','INSURANCE','5841 S Maryland Ave,Chicago,IL,60637-1443','50','HEALTH','insurance (92).jpg',10,'sale'),('Principal Financial Group','50','INSURANCE','889 S Plum Grove Rd,Palatine,IL,60067-7220','50','HEALTH','insurance (93).jpg',10,'sale'),('Shelter Insurance','50','INSURANCE','1717 W Congress Pkwy,Chicago,IL,60612','50','HEALTH','insurance (94).jpg',10,'sale'),('State Farm','50','INSURANCE','5145 N California,Chicago,IL,60625','50','HEALTH','insurance (95).jpg',10,'sale'),('Thrivent Financial for Lutherans','50','INSURANCE','5841 S Maryland Ave Ste Mc4076,Chicago,IL,60637-1443','50','HEALTH','insurance (96).jpg',10,'sale'),('UnitedHealth Group','50','INSURANCE','251 E Huron St,Chicago,IL,60611-2908','50','HEALTH','insurance (97).jpg',10,'sale'),('Unitrin','50','INSURANCE','1725 W Harrison St Ste 918,Chicago,IL,60612-3863','50','HEALTH','insurance (98).jpg',10,'sale'),('Universal American Corporation','50','INSURANCE','5841 S Maryland Ave Mc3077,Chicago,IL,60637-1470','50','HEALTH','insurance (99).jpg',10,'sale'),('US Health Group','50','INSURANCE','5841 S Maryland Ave,Chicago,IL,60637','50','HEALTH','insurance (100).jpg',10,'sale'),('Vantage Health Plan','50','INSURANCE','4200 N Oak Park Ave,Chicago,IL,60634-1417','50','HEALTH','insurance (101).jpg',10,'sale'),('WellCare','50','INSURANCE','4747 N Kedzie Ave,Chicago,IL,60625','50','HEALTH','insurance (102).jpg',10,'sale'),('Aetna','50','INSURANCE','251 E Huron St,Chicago,IL,60611-2908','50','MEDICARE','insurance (103).jpg',10,'sale'),('American Family Insurance','50','INSURANCE','1431 N Western Ave,Chicago,IL,60622-1797','50','MEDICARE','insurance (104).jpg',10,'sale'),('Bankers Life and Casualty','50','INSURANCE','2650 Ridge Ave,Evanston,IL,60201-1718','50','MEDICARE','insurance (105).jpg',10,'sale'),('CareSource','50','INSURANCE','33 W Ontario St,Chicago,IL,60654-7760','50','MEDICARE','insurance (106).jpg',10,'sale'),('Conseco','50','INSURANCE','2160 S 1st Ave,Maywood,IL,60153-3328','50','MEDICARE','insurance (107).jpg',10,'sale'),('Fidelis Care','50','INSURANCE','1555 Barrington Rd,Hoffman Estates,IL,60169-1019','50','MEDICARE','insurance (108).jpg',10,'sale'),('Kaiser Permanente','50','INSURANCE','5841 S Maryland Ave Ste Mc5068,Chicago,IL,60637-1443','50','MEDICARE','insurance (109).jpg',10,'sale'),('Mutual of Omaha','50','INSURANCE','1901 W Harrison St,Chicago,IL,60612-3714','50','MEDICARE','insurance (110).jpg',10,'sale'),('Premera Blue Cross','50','INSURANCE','Chicago Department Of Public Health,Chicago,IL,60604','50','MEDICARE','insurance (111).jpg',10,'sale'),('Thrivent Financial for Lutherans','50','INSURANCE','2160 S 1st Ave,Maywood,IL,60153-3328','50','MEDICARE','insurance (112).jpg',10,'sale'),('United American Insurance Company','50','INSURANCE','5841 S Maryland Ave,Chicago,IL,60637-1447','50','MEDICARE','insurance (113).jpg',10,'sale'),('Accident Fund Insurance Company of America','50','INSURANCE','4440 W 95th St,Oak Lawn,IL,60453-2600','50','MEDICARE','insurance (116).jpg',10,'sale'),('American International Group','50','INSURANCE','1875 W Dempster St - Park Side Professional Ctr,Park Ridge,IL,60068','50','MEDICARE','insurance (117).jpg',10,'sale'),('Amerisafe','50','INSURANCE','251 E Huron St,Chicago,IL,60611-2908','50','MEDICARE','insurance (118).jpg',10,'sale'),('AmTrust Financial Services','50','INSURANCE','1620 W Harrison St,Chicago,IL,60612-3801','50','MEDICARE','insurance (119).jpg',10,'sale'),('Cincinnati Financial Corporation','50','INSURANCE','1620 W Harrison St,Chicago,IL,60612-3801','50','MEDICARE','insurance (120).jpg',10,'sale'),('EMPLOYERS Insurance','50','INSURANCE','1620 W Harrison St,Chicago,IL,60612-3801','50','MEDICARE','insurance (121).jpg',10,'sale'),('Erie Insurance Group','50','INSURANCE','5145 N California Ave,Chicago,IL,60625-3661','50','MEDICARE','insurance (122).jpg',10,'sale'),('GUARD Insurance Group','50','INSURANCE','1901 W Harrison St,Chicago,IL,60612-3714','50','MEDICARE','insurance (123).jpg',10,'sale'),('Hanover Insurance','50','INSURANCE','4440 W 95th St,Oak Lawn,IL,60453','50','MEDICARE','insurance (124).jpg',10,'sale'),('The Hartford','50','INSURANCE','1901 W Harrison St,Chicago,IL,60612-3714','50','MEDICARE','insurance (125).jpg',10,'sale'),('Liberty Mutual','50','INSURANCE','11330 S Harlem Ave,Worth,IL,60482-2060','50','MEDICARE','insurance (126).jpg',10,'sale'),('MEMIC','50','INSURANCE','1775 W Dempster,Park Ridge,IL,60068','50','MEDICARE','insurance (127).jpg',10,'sale'),('Merchants Insurance Group','50','INSURANCE','1775 W Dempster,Park Ridge,IL,60068','50','MEDICARE','insurance (128).jpg',10,'sale'),('Missouri Employers Mutual','50','INSURANCE','225 E Chicago Ave,Chicago,IL,60611-2991','50','MEDICARE','insurance (129).jpg',10,'sale'),('Nationwide Mutual Insurance Company','50','INSURANCE','7531 S Stony Island Ave,Chicago,IL,60649-3993','50','MEDICARE','insurance (130).jpg',10,'sale'),('New York State Insurance Fund','50','INSURANCE','2160 S 1st Ave,Maywood,IL,60153-3328','50','MEDICARE','insurance (131).jpg',10,'sale'),('The Norfolk & Dedham Group','50','INSURANCE','5548 S Kenwood Ave,Chicago,IL,60637-1714','50','MEDICARE','insurance (132).jpg',10,'sale'),('Penn National Insurance','50','INSURANCE','3118 N Ashland Ave,Chicago,IL,60657-3014','50','MEDICARE','insurance (133).jpg',10,'sale'),('Puerto Rico State Insurance Fund','50','INSURANCE','4440 W 95th St,Oak Lawn,IL,60453-0000','50','MEDICARE','insurance (134).jpg',10,'sale'),('Sentry Insurance','50','INSURANCE','5145 N California Ave,Chicago,IL,60625-3661','50','MEDICARE','insurance (135).jpg',10,'sale'),('Society Insurance','50','INSURANCE','2233 W Division St,Chicago,IL,60622-8151','50','MEDICARE','insurance (136).jpg',10,'sale'),('State Farm Insurance','50','INSURANCE','680 N Lake Shore Dr,Chicago,IL,60611-4546','50','MEDICARE','insurance (137).jpg',10,'sale'),('State Compensation Insurance Fund','50','INSURANCE','2160 S 1st Ave,Maywood,IL,60153','50','MEDICARE','insurance (138).jpg',10,'sale'),('United Heartland','50','INSURANCE','3340 Oak Park Ave,Berwyn,IL,60402-3483','50','MEDICARE','insurance (139).jpg',10,'sale'),('Zenith Insurance Group','50','INSURANCE','2160 S 1st Ave,Maywood,IL,60153-3328','50','MEDICARE','insurance (140).jpg',10,'sale'),('24 Hour Fitness','50','HEALTHCLUB','17901 Governors Hwy,Homewood,IL,60430-1144','50','GYM','club (1).jpg',10,'sale'),('Anytime Fitness','50','HEALTHCLUB','5201 Willow Springs Rd,La Grange,IL,60525-6537','50','GYM','club (2).jpg',10,'sale'),('Crunch Fitness','50','HEALTHCLUB','600 N Dearborn St Apt 1705,Chicago,IL,60610-6296','50','GYM','club (3).jpg',10,'sale'),('Curves International','50','HEALTHCLUB','1653 W Congress Pkwy,Chicago,IL,60612-3833','50','GYM','club (4).jpg',10,'sale'),('Equinox Fitness','50','HEALTHCLUB','5145 N California Ave Ofc M331,Chicago,IL,60625','50','GYM','club (5).jpg',10,'sale'),('Gold\'s Gym','50','HEALTHCLUB','7435 W Talcott Ave,Chicago,IL,60631-3707','50','GYM','club (6).jpg',10,'sale'),('LA Fitness','50','HEALTHCLUB','251 E Huron St,Chicago,IL,60611-2908','50','GYM','club (7).jpg',10,'sale'),('Lifetime Fitness','50','HEALTHCLUB','2300 N Childrens Plz,Chicago,IL,60614-3363','50','GYM','club (8).jpg',10,'sale'),('Orangetheory Fitness','50','HEALTHCLUB','2440 Ravine Way,Glenview,IL,60025','50','GYM','club (9).jpg',10,'sale'),('Planet Fitness','50','HEALTHCLUB','5841 S Maryland Ave Ste Mc8016,Chicago,IL,60637-1443','50','GYM','club (10).jpg',10,'sale'),('Snap Fitness','50','HEALTHCLUB','2545 S King Dr,Chicago,IL,60616-2441','50','GYM','club (11).jpg',10,'sale'),('Town Sports International','50','HEALTHCLUB','3 Erie Ct Ste L700,Oak Park,IL,60302-2519','50','GYM','club (12).jpg',10,'sale'),('Youfit','50','HEALTHCLUB','2320 E 93rd St,Chicago,IL,60617-3909','50','GYM','club (13).jpg',10,'sale'),('Brahma Kumaris Meditation Center','50','HEALTHCLUB','1400 W 47th St Ste 1,La Grange,IL,60525-6148','10','YOGA','yoga (1).jpg',10,'sale'),('Chill Chicago','50','HEALTHCLUB','200 Stahlhut Drive,Lincoln,62656','10','YOGA','yoga (2).jpg',10,'sale'),('Eb & Flow Yoga','50','HEALTHCLUB','500 Remington Blvd,Bolingbrook,60440','10','YOGA','yoga (3).jpg',10,'sale'),('Infinity Holistic Wellness & Yoga','50','HEALTHCLUB','701 Winthrop Avenue,Glendale Heights,60139','10','YOGA','yoga (4).jpg',10,'sale'),('Kadampa Meditation Center Chicago','50','HEALTHCLUB','120 North Oak Street,Hinsdale,60521','10','YOGA','yoga (5).jpg',10,'sale'),('Nature Yoga Sanctuary','50','HEALTHCLUB','5101 S. Willow Springs Road,La Grange,60525','10','YOGA','yoga (6).jpg',10,'sale'),('The Peace School','50','HEALTHCLUB','1304 Franklin Avenue,Normal,61761','10','YOGA','yoga (7).jpg',10,'sale'),('Sivananda Yoga Vedanta Center','50','HEALTHCLUB','4440 West 95th Street,Oak lawn,60453','10','YOGA','yoga (8).jpg',10,'sale'),('Temple of Kriya Yoga','50','HEALTHCLUB','801 South Milwaukee Avenue,Libertyville,60048','10','YOGA','yoga (9).jpg',10,'sale'),('Won Buddhism of Chicago','50','HEALTHCLUB','101 South Major Street,Eureka,61530-0203','10','YOGA','yoga (10).jpg',10,'sale'),('Yoga Body Elements','50','HEALTHCLUB','3815 Highland Avenue,Downers Grove,60515','10','YOGA','yoga (11).jpg',10,'sale'),('Yoga Experience','50','HEALTHCLUB','450 West Highway #22,Barrington,60010','10','YOGA','yoga (12).jpg',10,'sale'),('Yogaview','50','HEALTHCLUB','836 West Wellington,Chicago,60657','10','YOGA','yoga (13).jpg',10,'sale'),('3m Consumer Health','40','MEDICARE','1775 Dempster Street,Park Ridge,60068','10','STORE','medicare (5).jpg',11,'sale'),('Abbott Laboratories','40','MEDICARE','1425 Randall Road,Elgin,60123','10','STORE','medicare (6).jpg',12,'sale'),('Abletripod Llc','40','MEDICARE','17800 South Kedzie Avenue,Hazel Crest,60429','10','STORE','medicare (7).jpg',13,'sale'),('Acme United Corp.','40','MEDICARE','2320 East 93rd Street,Chicago,60617','10','STORE','medicare (8).jpg',14,'sale'),('Acutens Llc','40','MEDICARE','1650 Moon Lake Boulevard,Hoffman Estates,60169','10','STORE','medicare (9).jpg',15,'sale'),('Adlens Usa','40','MEDICARE','800 Biesterfield Road,Elk Grove Village,60007','10','STORE','medicare (10).jpg',16,'sale'),('Aero-med Ltd','40','MEDICARE','One Memorial Drive,Alton,62002','10','STORE','medicare (11).jpg',17,'sale'),('Agamatrix','40','MEDICARE','6800 State Route 162,Maryville,62062','10','STORE','medicare (12).jpg',18,'sale'),('Albaad Usa Inc.','40','MEDICARE','225 E. Chicago Avenue,Chicago,60611','10','STORE','medicare (13).jpg',19,'sale'),('Alcon Labs Otc','40','MEDICARE','4840 North Marine Drive,Chicago,60640','10','STORE','medicare (14).jpg',20,'sale'),('Alimed Inc','40','MEDICARE','Broadway @ 11th Street,Quincy,62305-7005','10','STORE','medicare (15).jpg',21,'sale'),('Allied Healthcare Inc','40','MEDICARE','611 West Park Street,Urbana,61801','10','STORE','medicare (16).jpg',22,'sale'),('Amd Ritmed','40','MEDICARE','20733 N Broad,Carlinville,62626','10','STORE','medicare (17).jpg',23,'sale'),('American Australian Med','40','MEDICARE','10400 Haligus Road,Huntley,60142','10','STORE','medicare (18).jpg',24,'sale'),('American Medical Products','40','MEDICARE','4201 Medical Center Drive,McHenry,60050','10','STORE','medicare (19).jpg',25,'sale'),('Amoena Usa Corporation','40','MEDICARE','3701 Doty Road,Woodstock,60098','10','STORE','medicare (20).jpg',26,'sale'),('Anda Inc.','40','MEDICARE','25 North Winfield Road,Winfield,60190','10','STORE','medicare (21).jpg',27,'sale'),('Ansell Healthcare Products Llc','40','MEDICARE','100 East Lefevre Road,Sterling,61081-1279','10','STORE','medicare (22).jpg',28,'sale'),('Aplicare Inc','40','MEDICARE','555 Wilson Lane,Des Plaines,60016','10','STORE','medicare (23).jpg',29,'sale'),('Applied Nutrition Corp','40','MEDICARE','911 Stacy Burk Drive,Flora,62839','10','STORE','medicare (24).jpg',30,'sale'),('Arcus Medical Llc','40','MEDICARE','5645 West Addison Street,Chicago,60634','10','STORE','medicare (25).jpg',31,'sale'),('Arjohuntleigh','40','MEDICARE','400 Caldwell Street,Staunton,62088-1499','10','STORE','medicare (26).jpg',32,'sale'),('Ascensia Diabetes Care Us Inc.','40','MEDICARE','1000 North Allen Street,Robinson,62454','10','STORE','medicare (27).jpg',33,'sale'),('Assurance 4 Safety Llc','40','MEDICARE','8 Doctors Park Road,Mount Vernon,62864','10','STORE','medicare (28).jpg',34,'sale'),('Attends Healthcare Products','40','MEDICARE','2300 North Edward Street,Decatur,62526','10','STORE','medicare (29).jpg',35,'sale'),('Australian Gold','40','MEDICARE','300 Randall Road,Geneva,60134','10','STORE','medicare (30).jpg',36,'sale'),('B Braun Medical','40','MEDICARE','801 South Washington,Naperville,60540','10','STORE','medicare (31).jpg',37,'sale'),('Babyganics','40','MEDICARE','155 East Brush Hill Road,Elmhurst,60126','10','STORE','medicare (32).jpg',38,'sale'),('Bard Home Health Div','40','MEDICARE','2650 Ridge Avenue,Evanston,60201','10','STORE','medicare (33).jpg',39,'sale'),('Bauerfeind Usa Inc','40','MEDICARE','N.W. 11th Street,Fairfield,62837','10','STORE','medicare (34).jpg',40,'sale'),('Bayer Healthcare','40','MEDICARE','650 West Taylor Street,Vandalia,62471','10','STORE','medicare (35).jpg',41,'sale'),('Becton Dickinson','40','MEDICARE','1201 Pine Street,Eldorado,62930','10','STORE','medicare (19).jpg',42,'sale'),('Bedwetting Store','40','MEDICARE','1045 West Stephenson,Freeport,61032-4899','10','STORE','medicare (20).jpg',43,'sale'),('Best Buy Medical Supplies LLC','40','MEDICARE','1423 Chicago Road,Chicago Heights,60411-3483','10','STORE','medicare (21).jpg',44,'sale'),('Bio Protech Usa','40','MEDICARE','20201 South Crawford,Olympia Fields,60461-1010','10','STORE','medicare (22).jpg',45,'sale'),('Bionime Usa Corporation','40','MEDICARE','201 Bailey Lane,Benton,62812','10','STORE','medicare (23).jpg',46,'sale'),('Biosense Medical Devices','40','MEDICARE','695 North Kellogg Street,Galesburg,61402','10','STORE','medicare (24).jpg',47,'sale'),('Blanchard Products','40','MEDICARE','520 North Ridgeway Avenue,Chicago,60624','10','STORE','medicare (25).jpg',48,'sale'),('Boston Medical Products','40','MEDICARE','2100 Madison Avenue,Granite City,62040','10','STORE','medicare (26).jpg',49,'sale'),('Briggs','40','MEDICARE','801 Illini Road,Silvis,61282','10','STORE','medicare (27).jpg',50,'sale'),('Bsn Jobst','40','MEDICARE','409 N.W 9th Avenue,Aledo,61231','10','STORE','medicare (28).jpg',51,'sale'),('Caden Companies Llc','40','MEDICARE','1120 North Melvin Street,Gibson City,60936','10','STORE','medicare (29).jpg',52,'sale'),('Cara Incorporated','40','MEDICARE','2100 Pfingsten Road,Glenview,60026','10','STORE','medicare (30).jpg',53,'sale'),('Cardinal Health - Pharma','40','MEDICARE','1 Good Samaritan Way,Mount Vernon,62864','10','STORE','medicare (31).jpg',54,'sale'),('Care + Wear','40','MEDICARE','701 West North  Avenue,Melrose Park,60160','10','STORE','medicare (32).jpg',55,'sale'),('Carefusion 213','40','MEDICARE','210 West Walnut,Canton,61520','10','STORE','medicare (33).jpg',56,'sale'),('Carolon Company','40','MEDICARE','611 South  Marshall, P. O. Box 429,McLeansboro,62859','10','STORE','medicare (34).jpg',57,'sale'),('Catalina Healthcare','40','MEDICARE','600 N. College Avenue,Geneseo,61254-1099','10','STORE','medicare (35).jpg',58,'sale'),('Centurion Medical Products','40','MEDICARE','Ferrell Road,Rosiclare,62982','10','STORE','medicare (36).jpg',59,'sale'),('Chester Labs','40','MEDICARE','100 Dr. Warren Tuttle Drive,Harrisburg,62946','10','PHARMA','medicare (37).jpg',60,'sale'),('Circadiance','40','MEDICARE','3333 West Deyoung,Marion,62959','10','PHARMA','medicare (38).jpg',61,'sale'),('Cleanlife Products','40','MEDICARE','201 South 14th Street,Herrin,62948','10','PHARMA','medicare (39).jpg',62,'sale'),('Clinicloud Inc','40','MEDICARE','777 Park Avenue West,Highland Park,60035','10','PHARMA','medicare (40).jpg',63,'sale'),('Coloplast Inc','40','MEDICARE','1200 East Tremont Street,Hillsboro,62049','10','PHARMA','medicare (41).jpg',64,'sale'),('Compression Dynamics','40','MEDICARE','2701 West 68th Street,Chicago,60629','10','PHARMA','medicare (42).jpg',65,'sale'),('Concepts In Confidence','40','MEDICARE','701 East Orange Street,Hoopeston,60942','10','PHARMA','medicare (43).jpg',66,'sale'),('Conney Safety Products','40','MEDICARE','107 Tremont Street,Hopedale,61747','10','PHARMA','medicare (44).jpg',67,'sale'),('Cook Medical Inc','40','MEDICARE','200 South Cedar Street,Shelbyville,62565','10','PHARMA','medicare (45).jpg',68,'sale'),('Core Products','40','MEDICARE','200 Healthcare Drive,Greenville,62246','10','PHARMA','medicare (46).jpg',69,'sale'),('Covalon Technologies Ltd.','40','MEDICARE','1800 East Lake Shore,Decatur,62521','10','PHARMA','medicare (47).jpg',70,'sale'),('Crown Laboratories','40','MEDICARE','640 West Washington,Pittsfield,62363','10','PHARMA','medicare (48).jpg',71,'sale'),('Dale Medical Products Inc','40','MEDICARE','925 West Street,Peru,61354','10','PHARMA','medicare (49).jpg',72,'sale'),('Delco Innovations Llc','40','MEDICARE','4747 N Kedzie Ave,Chicago,IL,60625','10','PHARMA','medicare (50).jpg',73,'sale'),('Deroyal Industries Inc','40','MEDICARE','251 E Huron St,Chicago,IL,60611-2908','10','PHARMA','medicare (51).jpg',74,'sale'),('Dexcom','40','MEDICARE','1431 N Western Ave,Chicago,IL,60622-1797','10','PHARMA','medicare (52).jpg',75,'sale'),('Diamond Crystal Brands','40','MEDICARE','2650 Ridge Ave,Evanston,IL,60201-1718','10','PHARMA','medicare (53).jpg',76,'sale'),('Djo Llc','40','MEDICARE','33 W Ontario St,Chicago,IL,60654-7760','10','PHARMA','medicare (54).jpg',77,'sale'),('Dravon Medical Inc','40','MEDICARE','2160 S 1st Ave,Maywood,IL,60153-3328','10','PHARMA','medicare (55).jpg',78,'sale'),('Drylock Technologies Ltd','40','MEDICARE','1555 Barrington Rd,Hoffman Estates,IL,60169-1019','10','PHARMA','medicare (56).jpg',79,'sale'),('Dynarex','40','MEDICARE','5841 S Maryland Ave Ste Mc5068,Chicago,IL,60637-1443','10','PHARMA','medicare (57).jpg',80,'sale'),('Ehob Inc','40','MEDICARE','1901 W Harrison St,Chicago,IL,60612-3714','10','PHARMA','medicare (58).jpg',81,'sale'),('Emerson Healthcare','40','MEDICARE','Chicago Department Of Public Health,Chicago,IL,60604','10','PHARMA','medicare (59).jpg',82,'sale'),('Encore','40','MEDICARE','2233 W Division St,Chicago,IL,60622-8151','10','PHARMA','medicare (60).jpg',83,'sale'),('Essity','40','MEDICARE','680 N Lake Shore Dr,Chicago,IL,60611-4546','10','PHARMA','medicare (61).jpg',84,'sale'),('Excelsior Medical Corp','40','MEDICARE','2160 S 1st Ave,Maywood,IL,60153','10','PHARMA','medicare (62).jpg',85,'sale'),('Fabrication Enterprises','40','MEDICARE','3340 Oak Park Ave,Berwyn,IL,60402-3483','10','PHARMA','medicare (63).jpg',86,'sale'),('Ferris','40','MEDICARE','2160 S 1st Ave,Maywood,IL,60153-3328','10','PHARMA','medicare (64).jpg',87,'sale'),('First Quality','40','MEDICARE','17901 Governors Hwy,Homewood,IL,60430-1144','10','PHARMA','medicare (65).jpg',88,'sale'),('Fnc Medical Corp','40','MEDICARE','5201 Willow Springs Rd,La Grange,IL,60525-6537','10','PHARMA','medicare (66).jpg',89,'sale'),('Fortis Medical Products','40','MEDICARE','600 N Dearborn St Apt 1705,Chicago,IL,60610-6296','10','PHARMA','medicare (67).jpg',90,'sale'),('Fridababy','40','MEDICARE','1653 W Congress Pkwy,Chicago,IL,60612-3833','10','PHARMA','medicare (68).jpg',91,'sale'),('Geiss Destin & Dunn - Diabetes','40','MEDICARE','5145 N California Ave Ofc M331,Chicago,IL,60625','10','PHARMA','medicare (69).jpg',92,'sale'),('General Physiotherapy','40','MEDICARE','7435 W Talcott Ave,Chicago,IL,60631-3707','10','PHARMA','medicare (70).jpg',93,'sale'),('Genuine Virgin Aloe Corp','40','MEDICARE','251 E Huron St,Chicago,IL,60611-2908','10','PHARMA','medicare (71).jpg',94,'sale'),('Global Imports - Cheapbatteries.com','40','MEDICARE','2300 N Childrens Plz,Chicago,IL,60614-3363','10','PHARMA','medicare (72).jpg',95,'sale'),('Gluco Perfect Llc','40','MEDICARE','2440 Ravine Way,Glenview,IL,60025','10','PHARMA','medicare (73).jpg',96,'sale'),('Graham-field Inc','40','MEDICARE','5841 S Maryland Ave Ste Mc8016,Chicago,IL,60637-1443','10','PHARMA','medicare (74).jpg',97,'sale'),('Griffin Care Llc','40','MEDICARE','2545 S King Dr,Chicago,IL,60616-2441','10','PHARMA','medicare (75).jpg',98,'sale'),('Halyard Health','40','MEDICARE','3 Erie Ct Ste L700,Oak Park,IL,60302-2519','10','PHARMA','medicare (76).jpg',99,'sale'),('Hartmann-conco','40','MEDICARE','2320 E 93rd St,Chicago,IL,60617-3909','10','PHARMA','medicare (77).jpg',100,'sale'),('Health Enterprises','40','MEDICARE','1400 W 47th St Ste 1,La Grange,IL,60525-6148','10','PHARMA','medicare (78).jpg',101,'sale'),('Healthcraft Products','40','MEDICARE','200 Stahlhut Drive,Lincoln,62656','10','PHARMA','medicare (79).jpg',102,'sale'),('Hemaway Llc','40','MEDICARE','500 Remington Blvd,Bolingbrook,60440','10','PHARMA','medicare (80).jpg',103,'sale'),('Hilin Life Products','40','MEDICARE','701 Winthrop Avenue,Glendale Heights,60139','10','PHARMA','medicare (81).jpg',104,'sale'),('Homecare Products','40','MEDICARE','120 North Oak Street,Hinsdale,60521','10','PHARMA','medicare (82).jpg',105,'sale'),('Hr Pharmaceuticals','40','MEDICARE','5101 S. Willow Springs Road,La Grange,60525','10','PHARMA','medicare (83).jpg',106,'sale'),('Hudson Industries Inc','40','MEDICARE','1304 Franklin Avenue,Normal,61761','10','PHARMA','medicare (84).jpg',107,'sale'),('Hydrofera Llc','40','MEDICARE','4440 West 95th Street,Oak lawn,60453','10','PHARMA','medicare (85).jpg',108,'sale'),('Hygenic Corporation','40','MEDICARE','801 South Milwaukee Avenue,Libertyville,60048','10','PERSONAL','medicare (86).jpg',109,'sale'),('Ihealth Lab','40','MEDICARE','101 South Major Street,Eureka,61530-0203','10','PERSONAL','medicare (87).jpg',110,'sale'),('Implus Footcare Llc.','40','MEDICARE','3815 Highland Avenue,Downers Grove,60515','10','PERSONAL','medicare (88).jpg',111,'sale'),('Inhealth Tech','40','MEDICARE','450 West Highway #22,Barrington,60010','10','PERSONAL','medicare (89).jpg',112,'sale'),('Insulet Corporation','40','MEDICARE','836 West Wellington,Chicago,60657','10','PERSONAL','medicare (90).jpg',113,'sale'),('Intensive Therapeutics','40','MEDICARE','1775 Dempster Street,Park Ridge,60068','10','PERSONAL','medicare (91).jpg',114,'sale'),('Invacare Supply Group','40','MEDICARE','1425 Randall Road,Elgin,60123','10','PERSONAL','medicare (92).jpg',115,'sale'),('J&j Health Care Syst Inc','40','MEDICARE','17800 South Kedzie Avenue,Hazel Crest,60429','10','PERSONAL','medicare (93).jpg',116,'sale'),('Joerns Healthcare','40','MEDICARE','2320 East 93rd Street,Chicago,60617','10','PERSONAL','medicare (94).jpg',117,'sale'),('Joint Active Systems','40','MEDICARE','1650 Moon Lake Boulevard,Hoffman Estates,60169','10','PERSONAL','medicare (95).jpg',118,'sale'),('Kaye Products Inc','40','MEDICARE','800 Biesterfield Road,Elk Grove Village,60007','10','PERSONAL','medicare (96).jpg',119,'sale'),('Kehe Solutions','40','MEDICARE','One Memorial Drive,Alton,62002','10','PERSONAL','medicare (97).jpg',120,'sale'),('Kendall Healthcare','40','MEDICARE','6800 State Route 162,Maryville,62062','10','PERSONAL','medicare (98).jpg',121,'sale'),('Kent Precision Foods Group Inc','40','MEDICARE','225 E. Chicago Avenue,Chicago,60611','10','PERSONAL','medicare (99).jpg',122,'sale'),('Kinray-cardinal Health','40','MEDICARE','4840 North Marine Drive,Chicago,60640','10','PERSONAL','medicare (100).jpg',123,'sale'),('Knit-rite','40','MEDICARE','Broadway @ 11th Street,Quincy,62305-7005','10','PERSONAL','medicare (101).jpg',124,'sale'),('La Pointique International Ltd','40','MEDICARE','611 West Park Street,Urbana,61801','10','PERSONAL','medicare (102).jpg',125,'sale'),('Leckie Medical Products','40','MEDICARE','20733 N Broad,Carlinville,62626','10','PERSONAL','medicare (103).jpg',126,'sale'),('Liberty Industries','40','MEDICARE','10400 Haligus Road,Huntley,60142','10','PERSONAL','medicare (104).jpg',127,'sale'),('Logicmark','40','MEDICARE','4201 Medical Center Drive,McHenry,60050','10','PERSONAL','medicare (105).jpg',128,'sale'),('Lyn Pharma Inc','40','MEDICARE','3701 Doty Road,Woodstock,60098','10','PERSONAL','medicare (106).jpg',129,'sale'),('Maddak Inc','40','MEDICARE','25 North Winfield Road,Winfield,60190','10','PERSONAL','medicare (107).jpg',130,'sale'),('Manukamed Usa','40','MEDICARE','100 East Lefevre Road,Sterling,61081-1279','10','PERSONAL','medicare (108).jpg',131,'sale'),('Marlen Manufacturing Co','40','MEDICARE','555 Wilson Lane,Des Plaines,60016','10','PERSONAL','medicare (109).jpg',132,'sale'),('Mason Vitamins','40','MEDICARE','911 Stacy Burk Drive,Flora,62839','10','PERSONAL','medicare (110).jpg',133,'sale'),('Mc Johnson Co Inc','40','MEDICARE','5645 West Addison Street,Chicago,60634','10','PERSONAL','medicare (111).jpg',134,'sale'),('Mead Johnson Co - 061611','40','MEDICARE','400 Caldwell Street,Staunton,62088-1499','10','PERSONAL','medicare (112).jpg',135,'sale'),('Medcenter Systems Llc','40','MEDICARE','1000 North Allen Street,Robinson,62454','10','PERSONAL','medicare (113).jpg',136,'sale'),('Medi Usa Lp','40','MEDICARE','8 Doctors Park Road,Mount Vernon,62864','10','PERSONAL','medicare (114).jpg',137,'sale'),('Medical Action Industries','40','MEDICARE','2300 North Edward Street,Decatur,62526','10','PERSONAL','medicare (115).jpg',138,'sale'),('Medical Nutrition Usa','40','MEDICARE','300 Randall Road,Geneva,60134','10','PERSONAL','medicare (116).jpg',139,'sale'),('Medicath','40','MEDICARE','801 South Washington,Naperville,60540','10','PERSONAL','medicare (117).jpg',140,'sale'),('Medipak','40','MEDICARE','155 East Brush Hill Road,Elmhurst,60126','10','PERSONAL','medicare (118).jpg',141,'sale'),('Medmart','40','MEDICARE','2650 Ridge Avenue,Evanston,60201','10','PERSONAL','medicare (119).jpg',142,'sale'),('Merck Consumer Care','40','MEDICARE','N.W. 11th Street,Fairfield,62837','10','PERSONAL','medicare (120).jpg',143,'sale'),('Midwest Medical Supply','40','MEDICARE','650 West Taylor Street,Vandalia,62471','10','PERSONAL','medicare (121).jpg',144,'sale'),('Minimed Distr Center','40','MEDICARE','1201 Pine Street,Eldorado,62930','10','PERSONAL','medicare (122).jpg',145,'sale'),('Misc','40','MEDICARE','1045 West Stephenson,Freeport,61032-4899','10','PERSONAL','medicare (123).jpg',146,'sale'),('Mobility Transfer Systems','40','MEDICARE','1423 Chicago Road,Chicago Heights,60411-3483','10','PERSONAL','medicare (124).jpg',147,'sale'),('Mommy\'s Helper','40','MEDICARE','20201 South Crawford,Olympia Fields,60461-1010','10','PERSONAL','medicare (125).jpg',148,'sale'),('Moog','40','MEDICARE','201 Bailey Lane,Benton,62812','10','PERSONAL','medicare (126).jpg',149,'sale'),('Mothers Milk/spectra Baby Usa','40','MEDICARE','695 North Kellogg Street,Galesburg,61402','10','PERSONAL','medicare (126).jpg',150,'sale'),('Mpp Group','40','MEDICARE','520 North Ridgeway Avenue,Chicago,60624','10','PERSONAL','medicare (1).jpg',151,'sale'),('Munchkin','40','MEDICARE','2100 Madison Avenue,Granite City,62040','10','PERSONAL','medicare (2).jpg',152,'sale'),('Nature\'s One','40','MEDICARE','801 Illini Road,Silvis,61282','10','PERSONAL','medicare (3).jpg',153,'sale'),('Nehemiah Manufacturing Company','40','MEDICARE','409 N.W 9th Avenue,Aledo,61231','10','PERSONAL','medicare (4).jpg',154,'sale'),('Neomed','40','MEDICARE','1120 North Melvin Street,Gibson City,60936','10','PERSONAL','medicare (5).jpg',155,'sale'),('Nestle Healthcare Nutrition Inc','40','MEDICARE','2100 Pfingsten Road,Glenview,60026','10','PERSONAL','medicare (6).jpg',156,'sale'),('New World Imports','40','MEDICARE','1 Good Samaritan Way,Mount Vernon,62864','10','PERSONAL','medicare (7).jpg',157,'sale'),('Nipro Diagnostics Inc','40','MEDICARE','701 West North  Avenue,Melrose Park,60160','10','PERSONAL','medicare (8).jpg',158,'sale'),('Nokia Technologies','40','MEDICARE','210 West Walnut,Canton,61520','10','PERSONAL','medicare (9).jpg',159,'sale'),('North Coast Medical Inc','40','MEDICARE','611 South  Marshall, P. O. Box 429,McLeansboro,62859','10','PERSONAL','medicare (10).jpg',160,'sale'),('Novo Nordisk','40','MEDICARE','600 N. College Avenue,Geneseo,61254-1099','10','PERSONAL','medicare (11).jpg',161,'sale'),('Nurse Assist Inc','40','MEDICARE','Ferrell Road,Rosiclare,62982','10','PERSONAL','medicare (12).jpg',162,'sale'),('Nytone Medical Products','40','MEDICARE','100 Dr. Warren Tuttle Drive,Harrisburg,62946','10','PERSONAL','medicare (13).jpg',163,'sale'),('Odorno Llc','40','MEDICARE','3333 West Deyoung,Marion,62959','10','PERSONAL','medicare (14).jpg',164,'sale'),('Omron Healthcare Inc','40','MEDICARE','201 South 14th Street,Herrin,62948','10','PERSONAL','medicare (15).jpg',165,'sale'),('Options Ostomy Support Barrier Inc','40','MEDICARE','777 Park Avenue West,Highland Park,60035','10','PERSONAL','medicare (16).jpg',166,'sale'),('Orthocor Medical','40','MEDICARE','1200 East Tremont Street,Hillsboro,62049','10','PERSONAL','medicare (17).jpg',167,'sale'),('Osnovation Systems','40','MEDICARE','2701 West 68th Street,Chicago,60629','10','PERSONAL','medicare (18).jpg',168,'sale'),('Owlet Baby Care Inc.','40','MEDICARE','701 East Orange Street,Hoopeston,60942','10','PERSONAL','medicare (19).jpg',169,'sale'),('Pain Management Technologies','40','MEDICARE','107 Tremont Street,Hopedale,61747','10','NURITION','medicare (20).jpg',170,'sale'),('Parthenon Co Inc','40','MEDICARE','200 South Cedar Street,Shelbyville,62565','10','NURITION','medicare (21).jpg',171,'sale'),('Pdi Inc.','40','MEDICARE','200 Healthcare Drive,Greenville,62246','10','NURITION','medicare (22).jpg',172,'sale'),('Pel Supply Co','40','MEDICARE','1800 East Lake Shore,Decatur,62521','10','NURITION','medicare (23).jpg',173,'sale'),('Penco Medical','40','MEDICARE','640 West Washington,Pittsfield,62363','10','NURITION','medicare (24).jpg',174,'sale'),('Perma-type Company','40','MEDICARE','925 West Street,Peru,61354','10','NURITION','medicare (25).jpg',175,'sale'),('Perry Products','40','MEDICARE','One Ingalls Drive,Harvey,60426','10','NURITION','medicare (26).jpg',176,'sale'),('Pharma Supply','40','MEDICARE','200 Fairman Street,Watseka,60970','10','NURITION','medicare (27).jpg',177,'sale'),('Phoenix Healthcare Solutions','40','MEDICARE','7531 Stony Island Avenue,Chicago,60649','10','NURITION','medicare (28).jpg',178,'sale'),('Pillsy Inc','40','MEDICARE','400 Maple Summit Road,Jerseyville,62052-0426','10','NURITION','medicare (29).jpg',179,'sale'),('Poa Pharma North America','40','MEDICARE','1901 West Harrison Street - Suite 5650,Chicago,60612-3785','10','NURITION','medicare (30).jpg',180,'sale'),('Polar Tech Industries','40','MEDICARE','403 East First Street,Dixon,61021','10','NURITION','medicare (31).jpg',181,'sale'),('Premama','40','MEDICARE','4058 West Melrose Street,Chicago,60641','10','NURITION','medicare (32).jpg',182,'sale'),('Pride Mobility Products','40','MEDICARE','2544 West Montrose Avenue,Chicago,60618','10','NURITION','medicare (33).jpg',183,'sale'),('Proactive Medical Products','40','MEDICARE','365 East North Avenue,Northlake,60164','10','NURITION','medicare (34).jpg',184,'sale'),('Professional Medical Imports ','40','MEDICARE','225 Edward Street,Sycamore,60178','10','NURITION','medicare (35).jpg',185,'sale'),('Profoot','40','MEDICARE','500 W. Romeo B. Garrett Avenue,Peoria,61605','10','NURITION','medicare (36).jpg',186,'sale'),('Psi Health Solutions','40','MEDICARE','1000 Medical Center Drive,Monticello,61856','10','NURITION','medicare (37).jpg',187,'sale'),('Qardio','40','MEDICARE','6501 S. Promontory Drive,Chicago,60649','10','NURITION','medicare (38).jpg',188,'sale'),('Real Food Blends','40','MEDICARE','2200 State Street,Lawrenceville,62439','10','NURITION','medicare (39).jpg',189,'sale'),('Reid Industries','40','MEDICARE','5230 South Sixth Street,Springfield,62703','10','NURITION','medicare (40).jpg',190,'sale'),('Resmed Corp','40','MEDICARE','801 South Washington Street,Naperville,60540-6400','10','NURITION','medicare (41).jpg',191,'sale'),('Rg Medical Diagnostics','40','MEDICARE','2800 West 95th Street,Evergreen Park,60805','10','NURITION','medicare (42).jpg',192,'sale'),('Rhinosystems Inc','40','MEDICARE','645 South Central Avenue,Chicago,60644','10','NURITION','medicare (43).jpg',193,'sale'),('Roche Diagnostics Corp.','40','MEDICARE','4646 North Marine Drive,Chicago,60640','10','NURITION','medicare (44).jpg',194,'sale'),('ROCHESTER MEDICAL','40','MEDICARE','2160 South 1st Avenue,Maywood,60153','10','NURITION','medicare (45).jpg',195,'sale'),('Roll-a-ramp','40','MEDICARE','3249 South Oak Park Avenue,Berwyn,60402','10','NURITION','medicare (46).jpg',196,'sale'),('Roscoe Medical','40','MEDICARE','1901 W Harrison St,Chicago,IL,60612','10','NURITION','medicare (47).jpg',197,'sale'),('Safe N Simple','40','MEDICARE','2525 S Michigan Ave,Chicago,IL,60616-2332','10','NURITION','medicare (48).jpg',198,'sale'),('Salter Labs','40','MEDICARE','5841 S Maryland Ave,Chicago,IL,60637-1447','10','NURITION','medicare (49).jpg',199,'sale'),('Santus','40','MEDICARE','1740 W Taylor St,Chicago,IL,60612-7232','10','NURITION','medicare (50).jpg',200,'sale'),('Schena Ostomy Technologies','40','MEDICARE','1875 Dempster St,Park Ridge,IL,60068-1186','10','NURITION','medicare (51).jpg',201,'sale'),('Secure Health Products','40','MEDICARE','1775 Dempster St,Park Ridge,IL,60068-1143','10','NURITION','medicare (52).jpg',202,'sale'),('Select Medical Products','40','MEDICARE','122 S Michigan Ave,Chicago,IL,60603-6191','10','NURITION','medicare (53).jpg',203,'sale'),('Sharps Compliance','40','MEDICARE','2160 S 1st Ave,Maywood,IL,60153','10','NURITION','medicare (54).jpg',204,'sale'),('Shower Shield','40','MEDICARE','60 Revere Dr,Northbrook,IL,60062-1563','10','NURITION','medicare (55).jpg',205,'sale'),('Simple Diagnostics','40','MEDICARE','800 E 55th St,Chicago,IL,60615','10','NURITION','medicare (56).jpg',206,'sale'),('Skil-care Corp','40','MEDICARE','Christ Hosp  Dept Of Neurology,Oak Lawn,IL,60453','10','NURITION','medicare (57).jpg',207,'sale'),('Smartypants','40','MEDICARE','2850 S Wabash Ave,Chicago,IL,60616-2955','10','NURITION','medicare (58).jpg',208,'sale'),('Smiths Medical Asd Inc','40','MEDICARE','2300 N Childrens Plz Ste 30,Chicago,IL,60614-3363','10','NURITION','medicare (59).jpg',209,'sale'),('Soclean Inc.','40','MEDICARE','1901 W Harrison St,Chicago,IL,60612-3714','10','NURITION','medicare (60).jpg',210,'sale'),('Solskyn Personal Care Llc','40','MEDICARE','880 W Central Rd,Arlington Heights,IL,60005-2355','10','NURITION','medicare (61).jpg',211,'sale'),('Span-america Medical Systems Inc','40','MEDICARE','800 W Central Rd,Arlington Heights,IL,60005-2349','10','NURITION','medicare (62).jpg',212,'sale'),('Spectrum Surgical Supply Inc','40','MEDICARE','6641 W Ogden Ave,Berwyn,IL,60402-3756','10','NURITION','medicare (63).jpg',213,'sale'),('Standers Inc','40','MEDICARE','326 W 64th St,Chicago,IL,60621-3114','10','NURITION','medicare (64).jpg',214,'sale'),('Steadmed Medical','40','MEDICARE','2043 W 35th St,Chicago,IL,60609-1103','10','NURITION','medicare (65).jpg',215,'sale'),('Stevenson Ind. Inc.','40','MEDICARE','5201 Willow Springs Rd,La Grange,IL,60525-6537','10','NURITION','medicare (66).jpg',216,'sale'),('Summers Laboratories Inc','40','MEDICARE','2160 S 1st Ave,Maywood,IL,60153-3328','10','NURITION','medicare (67).jpg',217,'sale'),('Sunrise Medical','40','MEDICARE','1675 Dempster St,Park Ridge,IL,60068-1110','10','NURITION','medicare (68).jpg',218,'sale'),('Supergoop!','40','MEDICARE','842 Fair Oaks Ave,Oak Park,IL,60302-1547','10','NURITION','medicare (69).jpg',219,'sale'),('Supreme Technologies Inc','40','MEDICARE','2544 West Montrose Avenue,Chicago,60618','10','NURITION','medicare (70).jpg',220,'sale'),('Sxwell Usa Llc','40','MEDICARE','365 East North Avenue,Northlake,60164','10','NURITION','medicare (71).jpg',221,'sale'),('Systagenix Wound Management','40','MEDICARE','225 Edward Street,Sycamore,60178','10','NURITION','medicare (72).jpg',222,'sale'),('Tapeless Medical Llc','40','MEDICARE','500 W. Romeo B. Garrett Avenue,Peoria,61605','10','NURITION','medicare (73).jpg',223,'sale'),('The Container Store','40','MEDICARE','1000 Medical Center Drive,Monticello,61856','10','NURITION','medicare (74).jpg',224,'sale'),('Tidi Products','40','MEDICARE','6501 S. Promontory Drive,Chicago,60649','10','NURITION','medicare (75).jpg',225,'sale'),('Torbot Group Inc','40','MEDICARE','2200 State Street,Lawrenceville,62439','10','NURITION','medicare (76).jpg',226,'sale'),('Transtracheal Systems','40','MEDICARE','5230 South Sixth Street,Springfield,62703','10','NURITION','medicare (77).jpg',227,'sale'),('Triad Medical Llc','40','MEDICARE','801 South Washington Street,Naperville,60540-6400','10','NURITION','medicare (78).jpg',228,'sale'),('Truecare','40','MEDICARE','2800 West 95th Street,Evergreen Park,60805','10','NURITION','medicare (79).jpg',229,'sale'),('Tuffcare','40','MEDICARE','645 South Central Avenue,Chicago,60644','10','NURITION','medicare (80).jpg',230,'sale'),('Ultimed','40','MEDICARE','4646 North Marine Drive,Chicago,60640','10','NURITION','medicare (81).jpg',231,'sale'),('Unomedical','40','MEDICARE','2160 South 1st Avenue,Maywood,60153','10','NURITION','medicare (82).jpg',232,'sale'),('Uresil','40','MEDICARE','3249 South Oak Park Avenue,Berwyn,60402','10','NURITION','medicare (83).jpg',233,'sale'),('Urocare Products Inc','40','MEDICARE','1901 W Harrison St,Chicago,IL,60612','10','NURITION','medicare (84).jpg',234,'sale'),('Us Pharmacal Company Llc','40','MEDICARE','2525 S Michigan Ave,Chicago,IL,60616-2332','10','NURITION','medicare (85).jpg',235,'sale'),('Valeritas','40','MEDICARE','5841 S Maryland Ave,Chicago,IL,60637-1447','10','NURITION','medicare (86).jpg',236,'sale'),('Virtuox','40','MEDICARE','1740 W Taylor St,Chicago,IL,60612-7232','10','NURITION','medicare (87).jpg',237,'sale'),('Vivonex Llc','40','MEDICARE','1875 Dempster St,Park Ridge,IL,60068-1186','10','NURITION','medicare (88).jpg',238,'sale'),('Vygon Usa','40','MEDICARE','1775 Dempster St,Park Ridge,IL,60068-1143','10','NURITION','medicare (89).jpg',239,'sale'),('Welspect Healthcare','40','MEDICARE','122 S Michigan Ave,Chicago,IL,60603-6191','10','NURITION','medicare (90).jpg',240,'sale'),('Windmill Health Products','40','MEDICARE','2160 S 1st Ave,Maywood,IL,60153','10','NURITION','medicare (91).jpg',241,'sale'),('Work Inc','40','MEDICARE','60 Revere Dr,Northbrook,IL,60062-1563','10','NURITION','medicare (92).jpg',242,'sale'),('X-o Corp','40','MEDICARE','800 E 55th St,Chicago,IL,60615','10','NURITION','medicare (93).jpg',243,'sale'),('Zewa','40','MEDICARE','Christ Hosp  Dept Of Neurology,Oak Lawn,IL,60453','10','NURITION','medicare (94).jpg',244,'sale'),('Zorbx Inc','40','MEDICARE','2850 S Wabash Ave,Chicago,IL,60616-2955','10','NURITION','medicare (95).jpg',245,'sale');
/*!40000 ALTER TABLE `products` ENABLE KEYS */;
UNLOCK TABLES;

--
-- Table structure for table `registration`
--

DROP TABLE IF EXISTS `registration`;
/*!40101 SET @saved_cs_client     = @@character_set_client */;
/*!50503 SET character_set_client = utf8mb4 */;
CREATE TABLE `registration` (
  `username` varchar(40) DEFAULT NULL,
  `password` varchar(40) DEFAULT NULL,
  `usertype` varchar(40) DEFAULT NULL,
  `streetCust` varchar(40) DEFAULT NULL,
  `cityCust` varchar(40) DEFAULT NULL,
  `stateCust` varchar(40) DEFAULT NULL,
  `zipCust` int DEFAULT NULL
) ENGINE=InnoDB DEFAULT CHARSET=utf8mb4 COLLATE=utf8mb4_0900_ai_ci;
/*!40101 SET character_set_client = @saved_cs_client */;

--
-- Dumping data for table `registration`
--

LOCK TABLES `registration` WRITE;
/*!40000 ALTER TABLE `registration` DISABLE KEYS */;
INSERT INTO `registration` VALUES ('test','test','customer','Chicago','Chicago','IL',60616),('sale1','test','manager','31 Street','CHicago','IL',60616),('prod','test','retailer','31 Street','Chicago','IL',60616),('sourav','test','customer','Chicago','Chicagoi','Il',60616),('store1','test','retailer','31 Street','Chicago','IL',60616),('mang','test','retailer','31 Street','Chicago','IL',60616),('test1','test','customer','31 Street','Chicago','IL',60616),('test2','test','customer','32 STreet','Chicago','IL',60616),('test5','test','customer','33 Strret','Chicago','IL',60615),('test3','test','customer','34 Strret','Chicago','IL',60618),('test4','test','customer','35 Strete','Chicago','IL',50514),('test7','test','customer','35Street','NY','NY',80818),('test8','test','customer','34Street','NY','NY',22222),('test9','test','customer','33Street','NY','NY',33333),('test10','test','customer','34Street','NY','NY',33301),('test11','test','customer','33Street','NY','NY',80818),('test12','test','customer','35Street','NY','NY',33322),('test13','test','customer','33Strret','NY','Ny',33222),('test14','test','customer','33Stret','NY','NY',33222),('test15','test','customer','44STret','NY','NY',33222),('test16','test','customer','55Strete','NY','NY',333222),('test17','test','customer','34Strret','NY','NY',33322),('test18','test','customer','34Stret','NY','NY',33322),('test19','test','customer','35Street','NY','NY',60616),('test20','test','customer','34Stret','NY','NY',33322),('test21','test','customer','31 Street','Chicago','IL',60616),('test31','test','customer','31Stret','Chicago','IL',60616),('test41','test','customer','31Steet','Chicago','IL',60616),('sm','sm','retailer','2901','Chicago','Il',60616),('hh_user','test','customer','2901 S king Drive','Chicago','IL',60616),('sale','test','manager','2901 S King Drive','Chicago','IL',60616),('test_sale','test','customer','2901 S king Driv e','Chicago','Il',60616),('cust','test','customer','31 Street','Chicago','IL',60616),('test100','test','customer','31 Street','CHicago','IL',60616),('test200','test','customer','2901 S king Drive','Chciago','Il',60616),('test2000','test','customer','2901 S King','Chciago','IL',60616),('test300','test','customer','31 Stret','Chicaho','Il',60616);
/*!40000 ALTER TABLE `registration` ENABLE KEYS */;
UNLOCK TABLES;

--
-- Table structure for table `storelocation`
--

DROP TABLE IF EXISTS `storelocation`;
/*!40101 SET @saved_cs_client     = @@character_set_client */;
/*!50503 SET character_set_client = utf8mb4 */;
CREATE TABLE `storelocation` (
  `StoreId` int NOT NULL,
  `StoreAdd` varchar(40) DEFAULT NULL,
  PRIMARY KEY (`StoreId`)
) ENGINE=InnoDB DEFAULT CHARSET=utf8mb4 COLLATE=utf8mb4_0900_ai_ci;
/*!40101 SET character_set_client = @saved_cs_client */;

--
-- Dumping data for table `storelocation`
--

LOCK TABLES `storelocation` WRITE;
/*!40000 ALTER TABLE `storelocation` DISABLE KEYS */;
INSERT INTO `storelocation` VALUES (1,'31Street,Chicago,IL60616'),(2,'32Street,NY,NY,70616'),(3,'33Street,Delhi,Delhi,80616'),(4,'33Street,Mumbai,MH,90616'),(5,'33Street,London,UK,50616'),(6,'33Street,Berlin,Germeny,40616'),(7,'33Street,SF,California,30616'),(8,'33Street,Tokyo,Japan,20616'),(9,'33Street,Moscow,Russia,10616'),(10,'33Street,Georgia,USA,88616');
/*!40000 ALTER TABLE `storelocation` ENABLE KEYS */;
UNLOCK TABLES;

--
-- Table structure for table `transactions`
--

DROP TABLE IF EXISTS `transactions`;
/*!40101 SET @saved_cs_client     = @@character_set_client */;
/*!50503 SET character_set_client = utf8mb4 */;
CREATE TABLE `transactions` (
  `loginID` varchar(100) DEFAULT NULL,
  `Customer_name` varchar(100) DEFAULT NULL,
  `Customer_Age` int DEFAULT NULL,
  `Customer_Occupation` varchar(100) DEFAULT NULL,
  `Credit_Card_Number` varchar(100) DEFAULT NULL,
  `Order_ID` int DEFAULT NULL,
  `Order_Date` varchar(100) DEFAULT NULL,
  `Expected_Delivery_Date` varchar(100) DEFAULT NULL,
  `Actual_Delivery_Date` varchar(100) DEFAULT NULL,
  `Product_ID` varchar(100) DEFAULT NULL,
  `Product_Name` varchar(100) DEFAULT NULL,
  `Category` varchar(100) DEFAULT NULL,
  `Manufacturer` varchar(100) DEFAULT NULL,
  `Review_Rating` int DEFAULT NULL,
  `Delivery_Tracking_ID` varchar(100) DEFAULT NULL,
  `Delivery_Type` varchar(100) DEFAULT NULL,
  `Delivery_Zip_Code` varchar(100) DEFAULT NULL,
  `Transaction_Status` varchar(100) DEFAULT NULL,
  `Order_Returned` varchar(100) DEFAULT NULL,
  `Order_Delivered_on_Time` varchar(100) DEFAULT NULL
) ENGINE=InnoDB DEFAULT CHARSET=utf8mb4 COLLATE=utf8mb4_0900_ai_ci;
/*!40101 SET character_set_client = @saved_cs_client */;

--
-- Dumping data for table `transactions`
--

LOCK TABLES `transactions` WRITE;
/*!40000 ALTER TABLE `transactions` DISABLE KEYS */;
INSERT INTO `transactions` VALUES ('test','test',29,'Banker','789',1,'03/12/2020','17/12/2020','16/12/2020','Dr. Yasmin C Gosiengfiao','Dr. Yasmin C Gosiengfiao','DOCTOR','CANCER',5,'615','PickUP','60617','1','1','0'),('test','test',29,'Banker','789',2,'03/12/2020','17/12/2020','21/12/2020','Dr. Eiman El-Tag','Dr. Eiman El-Tag','DOCTOR','EYES',5,'394','PickUP','60617','0','0','1'),('test','test',29,'Banker','789',3,'03/12/2020','17/12/2020','18/12/2020','Dr. Yasmin C Gosiengfiao','Dr. Yasmin C Gosiengfiao','DOCTOR','CANCER',5,'791','PickUP','60617','1','1','1'),('test','test',29,'Banker','789',4,'03/12/2020','17/12/2020','20/12/2020','Advocate Sherman Hospital','Advocate Sherman Hospital','HOSPITAL','COMMUNITY',5,'48','PickUP','60617','1','1','1'),('test','test',29,'Banker','123456789',5,'03/12/2020','17/12/2020','16/12/2020','Dr. Yasmin C Gosiengfiao','Dr. Yasmin C Gosiengfiao','DOCTOR','CANCER',5,'190','PickUP','60616','1','1','0'),('test','test',29,'Banker','789',6,'03/12/2020','17/12/2020','13/12/2020','Ingalls Memorial Hospital','Ingalls Memorial Hospital','HOSPITAL','FEDERAL',5,'269','PickUP','60617','1','1','0'),('test','test',29,'Banker','1232332',7,'03/12/2020','17/12/2020','14/12/2020','Delta Dental','Delta Dental','INSURANCE','HEALTH',5,'948','HomeDelivery','60618','0','0','0'),('test','test',29,'Banker','789',8,'03/12/2020','17/12/2020','20/12/2020','Delta Dental','Delta Dental','INSURANCE','HEALTH',5,'602','PickUP','60617','1','0','1'),('test','test',29,'Banker','789',9,'03/12/2020','17/12/2020','14/12/2020','Illini Community Hospital','Illini Community Hospital','HOSPITAL','FEDERAL',5,'771','PickUP','60617','0','0','0'),('test','test',29,'Banker','789',10,'03/12/2020','17/12/2020','20/12/2020','Heartland Regional Medical Center','Heartland Regional Medical Center','HOSPITAL','FEDERAL',5,'833','PickUP','60617','1','1','1'),('test','test',29,'Banker','789',11,'03/12/2020','17/12/2020','17/12/2020','Louis A. Weiss Memorial Hospital','Louis A. Weiss Memorial Hospital','HOSPITAL','PSYCHIATRIC',5,'141','PickUP','60617','1','1','1'),('test','test',29,'Banker','789',12,'03/12/2020','17/12/2020','16/12/2020','Dr. Aliasghar Arastu','Dr. Aliasghar Arastu','DOCTOR','DENTAL',5,'12','PickUP','60617','1','0','0'),('test','test',29,'Banker','789',13,'03/12/2020','17/12/2020','12/12/2020','Dr. Yasmin C Gosiengfiao','Dr. Yasmin C Gosiengfiao','DOCTOR','CANCER',5,'270','PickUP','60617','0','1','0'),('test','test',29,'Banker','789',14,'03/12/2020','17/12/2020','16/12/2020','Advocate South Suburban Hospital','Advocate South Suburban Hospital','HOSPITAL','COMMUNITY',5,'914','PickUP','60617','0','1','0'),('test','test',29,'Banker','789',14,'03/12/2020','17/12/2020','19/12/2020','Dr. Yasmin C Gosiengfiao','Dr. Yasmin C Gosiengfiao','DOCTOR','CANCER',5,'815','PickUP','60617','1','1','1'),('test','test',29,'Banker','789',14,'03/12/2020','17/12/2020','13/12/2020','Louis A. Weiss Memorial Hospital','Louis A. Weiss Memorial Hospital','HOSPITAL','PSYCHIATRIC',5,'328','PickUP','60617','0','1','0'),('test','test',29,'Banker','789',14,'03/12/2020','17/12/2020','14/12/2020','Delta Dental','Delta Dental','INSURANCE','HEALTH',5,'593','PickUP','60617','1','1','0'),('test','test',29,'Banker','789',14,'03/12/2020','17/12/2020','15/12/2020','Fidelis Care','Fidelis Care','INSURANCE','MEDICARE',5,'248','PickUP','60617','1','0','0'),('test','test',29,'Banker','789',14,'03/12/2020','17/12/2020','18/12/2020','Sivananda Yoga Vedanta Center','Sivananda Yoga Vedanta Center','HEALTHCLUBS','YOGA',5,'590','PickUP','60617','0','0','1'),('test','test',29,'Banker','789',14,'03/12/2020','17/12/2020','18/12/2020','Sivananda Yoga Vedanta Center','Sivananda Yoga Vedanta Center','HEALTHCLUBS','YOGA',5,'432','PickUP','60617','0','0','1'),('test','test',29,'Banker','789',14,'03/12/2020','17/12/2020','18/12/2020','Sivananda Yoga Vedanta Center','Sivananda Yoga Vedanta Center','HEALTHCLUBS','YOGA',5,'793','PickUP','60617','0','0','1'),('test','test',29,'Banker','789',15,'03/12/2020','17/12/2020','15/12/2020','Dr. Yasmin C Gosiengfiao','Dr. Yasmin C Gosiengfiao','DOCTOR','CANCER',5,'100','PickUP','60617','0','1','0'),('test1','test',29,'Banker','789',16,'03/12/2020','17/12/2020','19/12/2020','Osnovation Systems','Osnovation Systems','MEDICARE','PERSONAL',5,'642','HomeDelivery','60617','1','1','1'),('test1','test1',29,'Student','12345',17,'03/12/2020','17/12/2020','21/12/2020','Dr. Robert Hsiung','Dr. Robert Hsiung','DOCTOR','CANCER',5,'886','PickUP','60650','1','1','1'),('test1','test1',29,'Student','12345',18,'03/12/2020','17/12/2020','14/12/2020','Dr. Scott Lewis Rosen','Dr. Scott Lewis Rosen','DOCTOR','PHYSICAL',5,'591','PickUP','60650','1','1','0'),('test1','test1',29,'Student','12345',19,'03/12/2020','17/12/2020','20/12/2020','Dr. Scott Lewis Rosen','Dr. Scott Lewis Rosen','DOCTOR','PHYSICAL',5,'330','PickUP','60650','0','0','1'),('test1','test1',29,'Student','12345',19,'03/12/2020','17/12/2020','14/12/2020','Dr. Aliasghar Arastu','Dr. Aliasghar Arastu','DOCTOR','DENTAL',5,'924','PickUP','60650','1','0','0'),('test1','test1',29,'Student','12345',20,'03/12/2020','17/12/2020','14/12/2020','Dr. Niveda Shekar','Dr. Niveda Shekar','DOCTOR','EYES',5,'204','PickUP','60650','1','0','0'),('test1','test1',29,'Student','12345',21,'03/12/2020','17/12/2020','14/12/2020','Dr. Michael Kenneth Hawking','Dr. Michael Kenneth Hawking','DOCTOR','EYES',5,'731','PickUP','60650','1','1','0'),('test1','test1',29,'Student','12345',22,'03/12/2020','17/12/2020','20/12/2020','Dr. Yasmin C Gosiengfiao','Dr. Yasmin C Gosiengfiao','DOCTOR','CANCER',5,'407','PickUP','60650','0','1','1'),('test1','test1',29,'Student','12345',23,'03/12/2020','17/12/2020','12/12/2020','Crossroads Community Hospital','Crossroads Community Hospital','HOSPITAL','FEDERAL',5,'297','PickUP','60650','0','0','0'),('test1','test1',29,'Student','12345',24,'03/12/2020','17/12/2020','14/12/2020','Highland Park Hospital','Highland Park Hospital','HOSPITAL','FEDERAL',5,'477','PickUP','60650','0','1','0'),('test1','test1',29,'Student','12345',25,'03/12/2020','17/12/2020','16/12/2020','Linden Oaks Hospital','Linden Oaks Hospital','HOSPITAL','PSYCHIATRIC',5,'477','PickUP','60650','1','1','0'),('test1','test1',29,'Student','12345',26,'03/12/2020','17/12/2020','21/12/2020','Temple of Kriya Yoga','Temple of Kriya Yoga','HEALTHCLUBS','YOGA',5,'506','PickUP','60650','0','1','1'),('test1','test1',29,'Student','12345',27,'03/12/2020','17/12/2020','15/12/2020','Loretto Hospital','Loretto Hospital','HOSPITAL','PSYCHIATRIC',5,'186','PickUP','60650','0','1','0'),('test3','test3',24,'Student','12345678',28,'03/12/2020','17/12/2020','14/12/2020','Dr. Constants Adams','Dr. Constants Adams','DOCTOR','EYES',4,'738','PickUP','60650','1','0','0'),('test3','test3',24,'Student','12345678',29,'03/12/2020','17/12/2020','20/12/2020','Dr. Mark Rosenbloom','Dr. Mark Rosenbloom','DOCTOR','CANCER',4,'492','HomeDelivery','60650','1','0','1'),('test3','test3',24,'Student','12345678',29,'03/12/2020','17/12/2020','14/12/2020','Dr. Michael Kenneth Hawking','Dr. Michael Kenneth Hawking','DOCTOR','EYES',4,'904','HomeDelivery','60650','0','0','0'),('test3','test3',24,'Student','12345678',29,'03/12/2020','17/12/2020','12/12/2020','Dr. Aparajita Das','Dr. Aparajita Das','DOCTOR','DENTAL',4,'420','HomeDelivery','60650','1','1','0'),('test3','test3',24,'Student','12345678',29,'03/12/2020','17/12/2020','12/12/2020','Dr. Eileen M Beaty','Dr. Eileen M Beaty','DOCTOR','DENTAL',4,'997','HomeDelivery','60650','0','0','0'),('test3','test3',24,'Student','12345678',29,'03/12/2020','17/12/2020','21/12/2020','Dr. Constants Adams','Dr. Constants Adams','DOCTOR','EYES',4,'191','HomeDelivery','60650','0','1','1'),('test3','test3',24,'Student','12345678',29,'03/12/2020','17/12/2020','17/12/2020','Dr. Stuart Crane Greene','Dr. Stuart Crane Greene','DOCTOR','CANCER',4,'582','HomeDelivery','60650','0','0','1'),('test3','test3',24,'Student','12345678',29,'03/12/2020','17/12/2020','18/12/2020','Dr. John Paul Estrada','Dr. John Paul Estrada','DOCTOR','CANCER',4,'86','HomeDelivery','60650','1','1','1'),('test3','test3',24,'Student','12345678',29,'03/12/2020','17/12/2020','16/12/2020','Town Sports International','Town Sports International','HEALTHCLUBS','GYM',4,'700','HomeDelivery','60650','1','0','0'),('test3','test3',24,'Student','12345678',29,'03/12/2020','17/12/2020','14/12/2020','Hammond Henry Hospital','Hammond Henry Hospital','HOSPITAL','FEDERAL',4,'132','HomeDelivery','60650','0','0','0'),('test3','test3',24,'Student','12345678',29,'03/12/2020','17/12/2020','20/12/2020','Yoga Experience','Yoga Experience','HEALTHCLUBS','YOGA',4,'696','HomeDelivery','60650','1','1','1'),('test3','test3',24,'Student','12345678',29,'03/12/2020','17/12/2020','14/12/2020','Fidelis Care','Fidelis Care','INSURANCE','MEDICARE',4,'266','HomeDelivery','60650','1','1','0'),('test3','test3',24,'Student','12345678',29,'03/12/2020','17/12/2020','21/12/2020','Zenith Insurance Group','Zenith Insurance Group','INSURANCE','MEDICARE',4,'796','HomeDelivery','60650','1','1','1'),('test3','test3',24,'Student','12345678',30,'03/12/2020','17/12/2020','20/12/2020','Dr. Eiman El-Tag','Dr. Eiman El-Tag','DOCTOR','EYES',4,'912','PickUP','60650','0','0','1'),('test3','test3',24,'Student','12345678',31,'03/12/2020','17/12/2020','21/12/2020','Advocate South Suburban Hospital','Advocate South Suburban Hospital','HOSPITAL','COMMUNITY',4,'933','PickUP','60650','1','0','1'),('test3','test3',24,'Student','12345678',32,'03/12/2020','17/12/2020','14/12/2020','Sivananda Yoga Vedanta Center','Sivananda Yoga Vedanta Center','HEALTHCLUBS','YOGA',4,'708','PickUP','60650','0','0','0'),('test3','test3',24,'Student','12345678',33,'03/12/2020','17/12/2020','16/12/2020','Owlet Baby Care Inc.','Owlet Baby Care Inc.','MEDICARE','PERSONAL',4,'199','HomeDelivery','60650','0','1','0'),('test3','test3',24,'Student','12345678',34,'03/12/2020','17/12/2020','14/12/2020','Yogaview','Yogaview','HEALTHCLUBS','YOGA',4,'76','PickUP','60650','0','1','0'),('test3','test3',24,'Student','12345678',35,'03/12/2020','17/12/2020','21/12/2020','Dr. Lori Eve Lovitz','Dr. Lori Eve Lovitz','DOCTOR','DENTAL',4,'695','PickUP','60650','1','1','1'),('test3','test3',24,'Student','12345678',36,'03/12/2020','17/12/2020','21/12/2020','Nature Yoga Sanctuary','Nature Yoga Sanctuary','HEALTHCLUBS','YOGA',4,'949','PickUP','60650','1','1','1'),('test3','test3',24,'Student','12345678',37,'03/12/2020','17/12/2020','18/12/2020','Sivananda Yoga Vedanta Center','Sivananda Yoga Vedanta Center','HEALTHCLUBS','YOGA',4,'359','PickUP','60650','1','1','1'),('test3','test3',24,'Student','12345678',38,'03/12/2020','17/12/2020','16/12/2020','Dr. Michael Kenneth Hawking','Dr. Michael Kenneth Hawking','DOCTOR','EYES',4,'988','PickUP','60650','0','0','0'),('test3','test3',24,'Student','12345678',39,'03/12/2020','17/12/2020','15/12/2020','Equinox Fitness','Equinox Fitness','HEALTHCLUBS','GYM',4,'259','PickUP','60650','1','0','0'),('test3','test3',24,'Student','12345678',40,'03/12/2020','17/12/2020','16/12/2020','Kaiser Permanente','Kaiser Permanente','INSURANCE','MEDICARE',4,'99','HomeDelivery','60650','1','1','0'),('test4','test3',24,'Student','12345678',41,'03/12/2020','17/12/2020','12/12/2020','Dr. Eiman El-Tag','Dr. Eiman El-Tag','DOCTOR','EYES',4,'554','PickUP','60650','1','0','0'),('test4','test4',24,'Student','12345678',42,'03/12/2020','17/12/2020','14/12/2020','Dr. Eiman El-Tag','Dr. Eiman El-Tag','DOCTOR','EYES',4,'407','PickUP','60650','0','0','0'),('test4','test4',24,'Student','12345678',42,'03/12/2020','17/12/2020','15/12/2020','Dr. Eiman El-Tag','Dr. Eiman El-Tag','DOCTOR','EYES',4,'447','PickUP','60650','0','1','0'),('test4','test4',24,'Student','12345678',42,'03/12/2020','17/12/2020','14/12/2020','Dr. Aliasghar Arastu','Dr. Aliasghar Arastu','DOCTOR','DENTAL',4,'756','PickUP','60650','1','0','0'),('test4','test4',24,'Student','12345678',43,'03/12/2020','17/12/2020','15/12/2020','Dr. Yasmin C Gosiengfiao','Dr. Yasmin C Gosiengfiao','DOCTOR','CANCER',4,'638','PickUP','60650','1','0','0'),('test4','test4',24,'Student','12345678',44,'03/12/2020','17/12/2020','14/12/2020','Evanston Hospital','Evanston Hospital','HOSPITAL','FEDERAL',4,'258','PickUP','60650','1','0','0'),('test4','test4',24,'Student','12345678',45,'03/12/2020','17/12/2020','13/12/2020','Dr. Ravi Venkata Durvasula','Dr. Ravi Venkata Durvasula','DOCTOR','EYES',4,'895','PickUP','60650','1','1','0'),('test4','test4',24,'Student','12345678',46,'03/12/2020','17/12/2020','15/12/2020','Illini Community Hospital','Illini Community Hospital','HOSPITAL','FEDERAL',4,'816','PickUP','60650','0','0','0'),('test5','test4',24,'Student','12345678',47,'03/12/2020','17/12/2020','16/12/2020','Dr. Scott Lewis Rosen','Dr. Scott Lewis Rosen','DOCTOR','PHYSICAL',4,'257','PickUP','60650','1','0','0'),('test5','test4',24,'Student','12345678',48,'03/12/2020','17/12/2020','17/12/2020','Dr. Imtiaz Hamid','Dr. Imtiaz Hamid','DOCTOR','EYES',4,'74','PickUP','60650','1','1','1'),('test5','test4',24,'Student','12345678',49,'03/12/2020','17/12/2020','14/12/2020','Highmark','Highmark','INSURANCE','HEALTH',4,'982','HomeDelivery','60650','1','1','0'),('test5','test4',24,'Student','12345678',50,'03/12/2020','17/12/2020','15/12/2020','Dr. Jeannine Piccinich','Dr. Jeannine Piccinich','DOCTOR','PHYSICAL',4,'454','PickUP','60650','0','0','0'),('test5','test5',24,'Student','12345678',35,'03/12/2020','17/12/2020','14/12/2020','Dr. Jeannine Piccinich','Dr. Jeannine Piccinich','DOCTOR','PHYSICAL',4,'267','PickUP','60650','1','1','0'),('test5','test5',24,'Student','1234567',50,'03/12/2020','17/12/2020','16/12/2020','Dr. Jamila Chiandrika Williams','Dr. Jamila Chiandrika Williams','DOCTOR','DENTAL',4,'668','PickUP','60650','0','1','0'),('test5','test5',24,'Student','1234567',50,'03/12/2020','17/12/2020','19/12/2020','Youfit','Youfit','HEALTHCLUBS','GYM',4,'942','PickUP','60647','0','1','1'),('test5','test5',24,'Student','1234567',50,'03/12/2020','17/12/2020','13/12/2020','Lifetime Fitness','Lifetime Fitness','HEALTHCLUBS','GYM',4,'188','PickUP','60647','0','0','0'),('test5','test5',24,'Student','1234567',51,'03/12/2020','17/12/2020','21/12/2020','Dr. Michael Kenneth Hawking','Dr. Michael Kenneth Hawking','DOCTOR','EYES',4,'61','PickUP','60647','1','1','1'),('test5','test5',24,'Student','1234567',52,'03/12/2020','17/12/2020','15/12/2020','Circadiance','Circadiance','MEDICARE','PHARMA',4,'758','PickUP','60647','1','0','0'),('test5','test5',24,'Student','1234567',53,'03/12/2020','17/12/2020','20/12/2020','Kindred Hospital - Northlake','Kindred Hospital - Northlake','HOSPITAL','PSYCHIATRIC',4,'603','PickUP','60647','0','0','1'),('test5','test5',24,'Student','1234567',54,'03/12/2020','17/12/2020','15/12/2020','Equinox Fitness','Equinox Fitness','HEALTHCLUBS','GYM',4,'123','PickUP','60647','0','0','0'),('test5','test5',24,'Student','1234567',55,'03/12/2020','17/12/2020','20/12/2020','Medcenter Systems Llc','Medcenter Systems Llc','MEDICARE','PERSONAL',4,'481','HomeDelivery','60647','1','0','1'),('test5','test5',24,'Student','1234567',56,'03/12/2020','17/12/2020','19/12/2020','Crown Laboratories','Crown Laboratories','MEDICARE','PHARMA',4,'768','PickUP','60647','1','1','1'),('test5','test5',24,'Student','1234567',57,'03/12/2020','17/12/2020','18/12/2020','Crown Laboratories','Crown Laboratories','MEDICARE','PHARMA',4,'673','HomeDelivery','60647','0','1','1'),('test5','test5',24,'Student','1234567',57,'03/12/2020','17/12/2020','16/12/2020','Brahma Kumaris Meditation Center','Brahma Kumaris Meditation Center','HEALTHCLUBS','YOGA',4,'63','HomeDelivery','60647','1','1','0'),('test5','test5',24,'Student','1234567',57,'03/12/2020','17/12/2020','13/12/2020','Odorno Llc','Odorno Llc','MEDICARE','PERSONAL',4,'57','HomeDelivery','60647','0','0','0'),('test5','test5',24,'Student','1234567',58,'03/12/2020','17/12/2020','20/12/2020','Highmark','Highmark','INSURANCE','HEALTH',4,'436','HomeDelivery','60647','0','0','1'),('test5','test5',24,'Student','1234567',59,'03/12/2020','17/12/2020','18/12/2020','Amd Ritmed','Amd Ritmed','MEDICARE','STORE',4,'735','PickUP','60647','0','0','1'),('test7','test5',24,'Student','1234567',60,'03/12/2020','17/12/2020','17/12/2020','Homecare Products','Homecare Products','MEDICARE','PHARMA',4,'159','HomeDelivery','60647','1','1','1'),('test7','test5',24,'Student','1234567',61,'03/12/2020','17/12/2020','19/12/2020','Medipak','Medipak','MEDICARE','PERSONAL',4,'628','HomeDelivery','60647','1','0','1'),('test7','test7',24,'Student','123456787',62,'03/12/2020','17/12/2020','17/12/2020','Osnovation Systems','Osnovation Systems','MEDICARE','PERSONAL',3,'668','HomeDelivery','60614','0','1','1'),('test7','test5',24,'Student','1234567',63,'03/12/2020','17/12/2020','18/12/2020','Caden Companies Llc','Caden Companies Llc','MEDICARE','STORE',4,'674','HomeDelivery','60647','0','1','1'),('test7','test7',24,'Student','12345',64,'03/12/2020','17/12/2020','21/12/2020','Sivananda Yoga Vedanta Center','Sivananda Yoga Vedanta Center','HEALTHCLUBS','YOGA',3,'234','PickUP','60647','1','0','1'),('test7','test7',24,'Student','1234567',65,'03/12/2020','17/12/2020','19/12/2020','Molina Healthcare','Molina Healthcare','INSURANCE','HEALTH',4,'741','HomeDelivery','60647','1','1','1'),('test7','test7',24,'Student','1234567',66,'03/12/2020','17/12/2020','18/12/2020','Delta Dental','Delta Dental','INSURANCE','HEALTH',2,'250','HomeDelivery','60628','0','1','1'),('test7','test7',24,'Student','1234567',67,'03/12/2020','17/12/2020','21/12/2020','Fridababy','Fridababy','MEDICARE','PHARMA',2,'777','HomeDelivery','60628','0','0','1'),('test7','test7',24,'Student','1234567',68,'03/12/2020','17/12/2020','20/12/2020','Ferris','Ferris','MEDICARE','PHARMA',2,'265','HomeDelivery','60628','1','1','1'),('test7','test7',24,'Student','1234567',69,'03/12/2020','17/12/2020','17/12/2020','Sivananda Yoga Vedanta Center','Sivananda Yoga Vedanta Center','HEALTHCLUBS','YOGA',2,'507','PickUP','60628','0','1','1'),('test','test',24,'Student','1234567',70,'04/12/2020','18/12/2020','22/12/2020','Dr. Michael Kenneth Hawking','Dr. Michael Kenneth Hawking','DOCTOR','EYES',2,'789','PickUP','60628','1','1','1'),('test','test',24,'Student','1234567',71,'04/12/2020','18/12/2020','19/12/2020','Dr. Eiman El-Tag','Dr. Eiman El-Tag','DOCTOR','EYES',2,'453','HomeDelivery','60628','0','1','1'),('test','test',24,'Student','1234567',71,'04/12/2020','18/12/2020','21/12/2020','Dr. Yasmin C Gosiengfiao','Dr. Yasmin C Gosiengfiao','DOCTOR','CANCER',2,'484','HomeDelivery','60628','0','0','1'),('test','test',24,'Student','1234567',71,'04/12/2020','18/12/2020','13/12/2020','Dr. Eiman El-Tag','Dr. Eiman El-Tag','DOCTOR','EYES',2,'806','HomeDelivery','60628','1','0','0'),('test','test',24,'Student','1234567',71,'04/12/2020','18/12/2020','19/12/2020','Garden State Life','Garden State Life','INSURANCE','LIFE',2,'305','HomeDelivery','60628','0','1','1'),('test7','test7',24,'Student','1234567',72,'01/12/2020','15/12/2020','16/12/2020','Dr. Scott Lewis Rosen','Dr. Scott Lewis Rosen','DOCTOR','PHYSICAL',2,'859','PickUP','60628','0','0','1'),('test7','test7',24,'Student','1234567',73,'01/12/2020','15/12/2020','19/12/2020','Crossroads Community Hospital','Crossroads Community Hospital','HOSPITAL','FEDERAL',2,'784','PickUP','60628','0','1','1'),('test7','test7',24,'Student','1234567',73,'01/12/2020','15/12/2020','17/12/2020','Dr. Mark Rosenbloom','Dr. Mark Rosenbloom','DOCTOR','CANCER',2,'439','PickUP','60628','0','0','1'),('test7','test7',24,'Student','1234567',73,'01/12/2020','15/12/2020','17/12/2020','Osnovation Systems','Osnovation Systems','MEDICARE','PERSONAL',2,'391','PickUP','60628','0','1','1'),('test7','test7',24,'Student','1234567',73,'01/12/2020','15/12/2020','15/12/2020','Medmart','Medmart','MEDICARE','PERSONAL',2,'260','PickUP','60628','0','1','1'),('test7','test7',24,'Student','1234567',73,'01/12/2020','15/12/2020','15/12/2020','Options Ostomy Support Barrier Inc','Options Ostomy Support Barrier Inc','MEDICARE','PERSONAL',2,'849','PickUP','60628','1','0','1'),('test7','test7',24,'Student','1234567',73,'01/12/2020','15/12/2020','15/12/2020','Yoga Experience','Yoga Experience','HEALTHCLUB','YOGA',2,'751','PickUP','60628','1','1','1'),('test7','test7',24,'Student','1234567',74,'29/11/2020','13/12/2020','14/12/2020','Nurse Assist Inc','Nurse Assist Inc','MEDICARE','PERSONAL',2,'84','PickUP','60628','0','0','1'),('test7','test7',24,'Student','1234567',74,'29/11/2020','13/12/2020','14/12/2020','Sivananda Yoga Vedanta Center','Sivananda Yoga Vedanta Center','HEALTHCLUB','YOGA',2,'581','PickUP','60628','1','0','1'),('test7','test7',24,'Student','1234567',74,'29/11/2020','13/12/2020','09/12/2020','Dr. Yasmin C Gosiengfiao','Dr. Yasmin C Gosiengfiao','DOCTOR','CANCER',2,'988','PickUP','60628','0','0','0'),('test7','test7',24,'Student','1234567',74,'29/11/2020','13/12/2020','16/12/2020','Yogaview','Yogaview','HEALTHCLUB','YOGA',2,'837','PickUP','60628','1','1','1'),('test7','test7',24,'Student','1234567',74,'29/11/2020','13/12/2020','12/12/2020','Sivananda Yoga Vedanta Center','Sivananda Yoga Vedanta Center','HEALTHCLUB','YOGA',2,'608','PickUP','60628','0','1','0'),('test7','test7',24,'Student','1234567',75,'28/11/2020','12/12/2020','16/12/2020','Dr. Danilo V Delcampo','Dr. Danilo V Delcampo','DOCTOR','DENTAL',2,'748','PickUP','60628','1','1','1'),('test7','test7',24,'Student','1234567',75,'28/11/2020','12/12/2020','14/12/2020','Osnovation Systems','Osnovation Systems','MEDICARE','PERSONAL',2,'98','PickUP','60628','0','0','1'),('test7','test7',24,'Student','1234567',75,'28/11/2020','12/12/2020','12/12/2020','Louis A. Weiss Memorial Hospital','Louis A. Weiss Memorial Hospital','HOSPITAL','PSYCHIATRIC',2,'232','PickUP','60628','1','0','1'),('test7','test7',24,'Student','1234567',75,'28/11/2020','12/12/2020','09/12/2020','Crunch Fitness','Crunch Fitness','HEALTHCLUB','GYM',2,'897','PickUP','60628','1','0','0'),('test7','test7',24,'Student','1234567',76,'27/11/2020','11/12/2020','06/12/2020','Delta Dental','Delta Dental','INSURANCE','HEALTH',2,'23','PickUP','60628','0','0','0'),('test7','test7',24,'Student','1234567',76,'27/11/2020','11/12/2020','14/12/2020','Sivananda Yoga Vedanta Center','Sivananda Yoga Vedanta Center','HEALTHCLUB','YOGA',2,'35','PickUP','60628','0','1','1'),('test7','test7',24,'Student','1234567',76,'27/11/2020','11/12/2020','09/12/2020','Ingalls Memorial Hospital','Ingalls Memorial Hospital','HOSPITAL','FEDERAL',2,'207','PickUP','60628','0','1','0'),('test7','test7',24,'Student','1234567',76,'27/11/2020','11/12/2020','13/12/2020','Advocate South Suburban Hospital','Advocate South Suburban Hospital','HOSPITAL','COMMUNITY',2,'165','PickUP','60628','0','1','1'),('cust','cust',24,'Student','12345',74,'04/12/2020','18/12/2020','15/12/2020','Dr. Imtiaz Hamid','Dr. Imtiaz Hamid','DOCTOR','EYES',5,'465','PickUP','60628','1','1','0'),('cust','cust',24,'Student','12345',74,'04/12/2020','18/12/2020','13/12/2020','Fairfield Memorial Hospital','Fairfield Memorial Hospital','HOSPITAL','FEDERAL',5,'141','PickUP','60628','0','1','0'),('cust','cust',24,'Student','12345',74,'04/12/2020','18/12/2020','19/12/2020','Delta Dental','Delta Dental','INSURANCE','HEALTH',5,'613','PickUP','60628','1','0','1'),('cust','cust',24,'Student','12345',74,'04/12/2020','18/12/2020','18/12/2020','Eb & Flow Yoga','Eb & Flow Yoga','HEALTHCLUB','YOGA',5,'192','PickUP','60628','0','1','1'),('cust','cust',24,'Student','12345',74,'04/12/2020','18/12/2020','22/12/2020','Osnovation Systems','Osnovation Systems','MEDICARE','PERSONAL',5,'223','PickUP','60628','1','1','1'),('test','test',24,'Student','1234567',75,'04/12/2020','18/12/2020','19/12/2020','Genworth Financial','Genworth Financial','INSURANCE','LIFE',4,'58','PickUP','60628','1','1','1'),('test','test',24,'Student','1234567',75,'04/12/2020','18/12/2020','16/12/2020','Temple of Kriya Yoga','Temple of Kriya Yoga','HEALTHCLUB','YOGA',4,'898','PickUP','60628','0','1','0'),('test','test',24,'Student','1234567',76,'04/12/2020','18/12/2020','21/12/2020','Dr. Mark Rosenbloom','Dr. Mark Rosenbloom','DOCTOR','CANCER',5,'120','PickUP','60628','1','0','1'),('test','test',24,'Student','1234567',76,'04/12/2020','18/12/2020','18/12/2020','Oxford Health Plans','Oxford Health Plans','INSURANCE','HEALTH',5,'374','PickUP','60628','1','1','1'),('test','test',24,'Student','1234567',76,'04/12/2020','18/12/2020','19/12/2020','Sivananda Yoga Vedanta Center','Sivananda Yoga Vedanta Center','HEALTHCLUB','YOGA',5,'791','PickUP','60628','0','1','1'),('test','test',24,'Student','1234567',76,'04/12/2020','18/12/2020','21/12/2020','Illini Community Hospital','Illini Community Hospital','HOSPITAL','FEDERAL',5,'288','PickUP','60628','0','0','1'),('test','test',24,'Student','1234567',76,'04/12/2020','18/12/2020','16/12/2020','Oxford Health Plans','Oxford Health Plans','INSURANCE','HEALTH',5,'490','PickUP','60628','1','1','0'),('test','test',24,'Student','1234567',76,'04/12/2020','18/12/2020','18/12/2020','Sivananda Yoga Vedanta Center','Sivananda Yoga Vedanta Center','HEALTHCLUB','YOGA',5,'201','PickUP','60628','0','0','1');
/*!40000 ALTER TABLE `transactions` ENABLE KEYS */;
UNLOCK TABLES;
/*!40103 SET TIME_ZONE=@OLD_TIME_ZONE */;

/*!40101 SET SQL_MODE=@OLD_SQL_MODE */;
/*!40014 SET FOREIGN_KEY_CHECKS=@OLD_FOREIGN_KEY_CHECKS */;
/*!40014 SET UNIQUE_CHECKS=@OLD_UNIQUE_CHECKS */;
/*!40101 SET CHARACTER_SET_CLIENT=@OLD_CHARACTER_SET_CLIENT */;
/*!40101 SET CHARACTER_SET_RESULTS=@OLD_CHARACTER_SET_RESULTS */;
/*!40101 SET COLLATION_CONNECTION=@OLD_COLLATION_CONNECTION */;
/*!40111 SET SQL_NOTES=@OLD_SQL_NOTES */;

-- Dump completed on 2020-12-04 18:53:22
